<edmx:Edmx
    xmlns:edmx="http://schemas.microsoft.com/ado/2007/06/edmx"
    xmlns:m="http://schemas.microsoft.com/ado/2007/08/dataservices/metadata"
    xmlns:sap="http://www.sap.com/Protocols/SAPData" Version="1.0">
    <edmx:Reference
        xmlns:edmx="http://docs.oasis-open.org/odata/ns/edmx" Uri="./IWFND/CATALOGSERVICE;v=2/Vocabularies(TechnicalName='%2FIWBEP%2FVOC_COMMON',Version='0001',SAP__Origin='M36CLNT400')/$value">
        <edmx:Include Namespace="com.sap.vocabularies.Common.v1" Alias="Common"/>
    </edmx:Reference>
    <edmx:Reference
        xmlns:edmx="http://docs.oasis-open.org/odata/ns/edmx" Uri="./IWFND/CATALOGSERVICE;v=2/Vocabularies(TechnicalName='%2FIWBEP%2FVOC_UI',Version='0001',SAP__Origin='M36CLNT400')/$value">
        <edmx:Include Namespace="com.sap.vocabularies.UI.v1" Alias="UI"/>
    </edmx:Reference>
    <edmx:DataServices m:DataServiceVersion="2.0">
        <Schema
            xmlns="http://schemas.microsoft.com/ado/2008/09/edm" Namespace="EPM_REF_APPS_PROD_MAN_SRV" xml:lang="en" sap:schema-version="1">
            <EntityType Name="Supplier" sap:content-version="1">
                <Key>
                    <PropertyRef Name="Id"/>
                </Key>
                <Property Name="Id" Type="Edm.String" Nullable="false" MaxLength="10" sap:label="ID" sap:creatable="false" sap:updatable="false" sap:filterable="false"/>
                <Property Name="Name" Type="Edm.String" Nullable="false" MaxLength="80" m:FC_TargetPath="SyndicationTitle" m:FC_KeepInContent="true" sap:label="Supplier" sap:creatable="false" sap:updatable="false" sap:filterable="false"/>
                <Property Name="Phone" Type="Edm.String" Nullable="false" MaxLength="30" sap:label="Phone" sap:creatable="false" sap:updatable="false" sap:filterable="false" sap:semantics="tel;type=pref"/>
                <Property Name="Email" Type="Edm.String" Nullable="false" MaxLength="255" sap:label="E-Mail" sap:creatable="false" sap:updatable="false" sap:filterable="false" sap:semantics="email;type=pref"/>
                <Property Name="WebAddress" Type="Edm.String" Nullable="false" sap:label="Website" sap:creatable="false" sap:updatable="false" sap:filterable="false" sap:semantics="url;type=work"/>
                <Property Name="FormattedAddress" Type="Edm.String" Nullable="false" MaxLength="129" sap:label="Address" sap:creatable="false" sap:updatable="false" sap:filterable="false"/>
                <Property Name="FormattedContactName" Type="Edm.String" Nullable="false" MaxLength="81" sap:label="Contact Person Name" sap:creatable="false" sap:updatable="false" sap:filterable="false"/>
                <Property Name="ContactPhone1" Type="Edm.String" Nullable="false" MaxLength="30" sap:label="Contact Person Tel" sap:creatable="false" sap:updatable="false" sap:filterable="false" sap:semantics="tel"/>
                <Property Name="ContactPhone2" Type="Edm.String" Nullable="false" MaxLength="30" sap:label="Contact Person Fax" sap:creatable="false" sap:updatable="false" sap:filterable="false" sap:semantics="tel;type=fax"/>
                <Property Name="ContactEmail" Type="Edm.String" Nullable="false" MaxLength="255" sap:label="Contact Person Mail" sap:creatable="false" sap:updatable="false" sap:filterable="false" sap:semantics="email"/>
            </EntityType>
            <EntityType Name="Product" sap:service-version="1" sap:content-version="1">
                <Key>
                    <PropertyRef Name="Id"/>
                </Key>
                <Property Name="CurrencyCode" Type="Edm.String" Nullable="false" MaxLength="5" sap:label="Currency Code" sap:creatable="false" sap:updatable="false" sap:semantics="currency-code"/>
                <Property Name="Id" Type="Edm.String" Nullable="false" MaxLength="10" sap:label="Product" sap:creatable="false" sap:updatable="false"/>
                <Property Name="StockQuantity" Type="Edm.Int32" Nullable="false" sap:label="Availability" sap:creatable="false" sap:updatable="false"/>
                <Property Name="Name" Type="Edm.String" Nullable="false" MaxLength="255" m:FC_TargetPath="SyndicationTitle" m:FC_KeepInContent="true" sap:label="Name" sap:creatable="false" sap:updatable="false"/>
                <Property Name="Description" Type="Edm.String" Nullable="false" MaxLength="255" sap:label="Description" sap:creatable="false" sap:updatable="false"/>
                <Property Name="SubCategoryId" Type="Edm.String" Nullable="false" MaxLength="40" sap:label="Category" sap:creatable="false" sap:updatable="false"/>
                <Property Name="SubCategoryName" Type="Edm.String" Nullable="false" MaxLength="40" sap:label="Category" sap:creatable="false" sap:updatable="false"/>
                <Property Name="MainCategoryId" Type="Edm.String" Nullable="false" MaxLength="40" sap:label="Main Category" sap:creatable="false" sap:updatable="false"/>
                <Property Name="MainCategoryName" Type="Edm.String" Nullable="false" MaxLength="40" sap:label="Main Category" sap:creatable="false" sap:updatable="false"/>
                <Property Name="SupplierId" Type="Edm.String" Nullable="false" MaxLength="10" sap:label="Business Partner ID" sap:creatable="false" sap:updatable="false"/>
                <Property Name="SupplierName" Type="Edm.String" Nullable="false" MaxLength="80" sap:label="Supplier" sap:creatable="false" sap:updatable="false"/>
                <Property Name="LastModified" Type="Edm.DateTime" Precision="7" m:FC_TargetPath="SyndicationUpdated" m:FC_KeepInContent="true" sap:label="Changed At" sap:creatable="false" sap:updatable="false"/>
                <Property Name="Price" Type="Edm.Decimal" Nullable="false" Precision="15" Scale="2" sap:unit="CurrencyCode" sap:label="Price" sap:creatable="false" sap:updatable="false"/>
                <Property Name="DimensionHeight" Type="Edm.Decimal" Nullable="false" Precision="13" Scale="3" sap:unit="QuantityUnit" sap:label="Height" sap:creatable="false" sap:updatable="false"/>
                <Property Name="DimensionWidth" Type="Edm.Decimal" Nullable="false" Precision="13" Scale="3" sap:unit="QuantityUnit" sap:label="Width" sap:creatable="false" sap:updatable="false"/>
                <Property Name="DimensionDepth" Type="Edm.Decimal" Nullable="false" Precision="13" Scale="3" sap:unit="QuantityUnit" sap:label="Depth" sap:creatable="false" sap:updatable="false"/>
                <Property Name="DimensionUnit" Type="Edm.String" Nullable="false" MaxLength="10" sap:creatable="false" sap:updatable="false"/>
                <Property Name="ImageUrl" Type="Edm.String" Nullable="false" MaxLength="255" sap:label="Image" sap:creatable="false" sap:updatable="false"/>
                <Property Name="QuantityUnit" Type="Edm.String" Nullable="false" MaxLength="3" sap:label="Unit of Measure" sap:creatable="false" sap:updatable="false" sap:semantics="unit-of-measure"/>
                <Property Name="MeasureUnit" Type="Edm.String" Nullable="false" MaxLength="10" sap:creatable="false" sap:updatable="false"/>
                <Property Name="AverageRating" Type="Edm.Decimal" Nullable="false" Precision="4" Scale="2" sap:label="Average Rating" sap:creatable="false" sap:updatable="false"/>
                <Property Name="RatingCount" Type="Edm.Int32" Nullable="false" sap:label="Number of Reviews" sap:creatable="false" sap:updatable="false"/>
                <Property Name="WeightMeasure" Type="Edm.Decimal" Nullable="false" Precision="13" Scale="3" sap:unit="QuantityUnit" sap:label="Weight" sap:creatable="false" sap:updatable="false"/>
                <Property Name="WeightUnit" Type="Edm.String" Nullable="false" MaxLength="10" sap:creatable="false" sap:updatable="false"/>
                <NavigationProperty Name="Supplier" Relationship="EPM_REF_APPS_PROD_MAN_SRV.ProductSupplier" FromRole="ToRole_ProductSupplier" ToRole="FromRole_ProductSupplier"/>
            </EntityType>
            <EntityType Name="ProductDraft" sap:content-version="1">
                <Key>
                    <PropertyRef Name="Id"/>
                </Key>
                <Property Name="Id" Type="Edm.String" Nullable="false" MaxLength="10" sap:label="Product ID" sap:creatable="false" sap:updatable="false"/>
                <Property Name="LastModified" Type="Edm.DateTime" Precision="7" m:FC_TargetPath="SyndicationUpdated" m:FC_KeepInContent="true" sap:label="Time Stamp" sap:creatable="false" sap:updatable="false"/>
                <Property Name="IsNewProduct" Type="Edm.Boolean" sap:label="TRUE" sap:creatable="false" sap:updatable="false"/>
                <Property Name="IsDirty" Type="Edm.Boolean" sap:label="TRUE" sap:creatable="false" sap:updatable="false"/>
                <Property Name="ProductId" Type="Edm.String" MaxLength="10" sap:label="Product ID"/>
                <Property Name="Name" Type="Edm.String" MaxLength="255" m:FC_TargetPath="SyndicationTitle" m:FC_KeepInContent="true" sap:label="Name"/>
                <Property Name="Description" Type="Edm.String" MaxLength="255" sap:label="Description"/>
                <Property Name="DimensionUnit" Type="Edm.String" MaxLength="3" sap:label="Dimension Unit" sap:semantics="unit-of-measure"/>
                <Property Name="DimensionHeight" Type="Edm.Decimal" Precision="13" Scale="3" sap:unit="DimensionUnit" sap:label="Height"/>
                <Property Name="DimensionWidth" Type="Edm.Decimal" Precision="13" Scale="3" sap:unit="DimensionUnit" sap:label="Width"/>
                <Property Name="DimensionDepth" Type="Edm.Decimal" Precision="13" Scale="3" sap:unit="DimensionUnit" sap:label="Depth"/>
                <Property Name="WeightUnit" Type="Edm.String" MaxLength="3" sap:label="Unit of Measure" sap:semantics="unit-of-measure"/>
                <Property Name="WeightMeasure" Type="Edm.Decimal" Precision="13" Scale="3" sap:unit="WeightUnit" sap:label="Weight"/>
                <Property Name="Price" Type="Edm.Decimal" Precision="15" Scale="2" sap:unit="CurrencyCode" sap:label="Price"/>
                <Property Name="CurrencyCode" Type="Edm.String" MaxLength="5" sap:label="Currency Code" sap:semantics="currency-code"/>
                <Property Name="QuantityUnit" Type="Edm.String" MaxLength="3" sap:label="Unit of Measure" sap:semantics="unit-of-measure"/>
                <Property Name="ImageUrl" Type="Edm.String" MaxLength="255" sap:label="Image" sap:creatable="false" sap:updatable="false"/>
                <Property Name="SupplierId" Type="Edm.String" MaxLength="10" sap:label="Business Partner ID"/>
                <Property Name="SupplierName" Type="Edm.String" MaxLength="80" sap:label="Supplier" sap:creatable="false" sap:updatable="false"/>
                <Property Name="SubCategoryId" Type="Edm.String" MaxLength="40" sap:label="Category"/>
                <Property Name="SubCategoryName" Type="Edm.String" Nullable="false" MaxLength="40" sap:label="Category" sap:creatable="false" sap:updatable="false"/>
                <Property Name="MainCategoryId" Type="Edm.String" MaxLength="40" sap:label="Main Category"/>
                <Property Name="MainCategoryName" Type="Edm.String" Nullable="false" MaxLength="40" sap:label="Main Category" sap:creatable="false" sap:updatable="false"/>
                <Property Name="CreatedAt" Type="Edm.DateTime" Nullable="false" Precision="7" m:FC_TargetPath="SyndicationPublished" m:FC_KeepInContent="true" sap:label="Time Stamp" sap:creatable="false" sap:updatable="false"/>
                <Property Name="CreatedBy" Type="Edm.String" Nullable="false" MaxLength="12" sap:label="Chgd by" sap:creatable="false" sap:updatable="false"/>
                <Property Name="ExpiresAt" Type="Edm.DateTime" Precision="7" sap:label="Time Stamp" sap:creatable="false" sap:updatable="false"/>
                <NavigationProperty Name="SubCategory" Relationship="EPM_REF_APPS_PROD_MAN_SRV.ProductDraftSubCategory" FromRole="ToRole_ProductDraftSubCategory" ToRole="FromRole_ProductDraftSubCategory"/>
                <NavigationProperty Name="Images" Relationship="EPM_REF_APPS_PROD_MAN_SRV.ProductDraftImageDrafts" FromRole="FromRole_ProductDraftImageDrafts" ToRole="ToRole_ProductDraftImageDrafts"/>
            </EntityType>
            <EntityType Name="ImageDraft" m:HasStream="true" sap:content-version="1">
                <Key>
                    <PropertyRef Name="Id"/>
                </Key>
                <Property Name="CreatedBy" Type="Edm.String" Nullable="false" MaxLength="81" sap:label="Created by" sap:creatable="false" sap:updatable="false"/>
                <Property Name="FileName" Type="Edm.String" Nullable="false" MaxLength="255" m:FC_TargetPath="SyndicationTitle" m:FC_KeepInContent="true" sap:label="Image File Name"/>
                <Property Name="Id" Type="Edm.Guid" Nullable="false" sap:label="Node Key" sap:creatable="false" sap:updatable="false"/>
                <Property Name="IsDeletable" Type="Edm.Boolean" Nullable="false" sap:label="Is deletable" sap:creatable="false" sap:updatable="false"/>
                <Property Name="IsModifiable" Type="Edm.Boolean" Nullable="false" sap:label="Is modifiable" sap:creatable="false" sap:updatable="false"/>
                <Property Name="LastModified" Type="Edm.DateTime" Precision="7" m:FC_TargetPath="SyndicationUpdated" m:FC_KeepInContent="true" sap:label="Time Stamp" sap:creatable="false" sap:updatable="false"/>
                <Property Name="ProductId" Type="Edm.String" Nullable="false" MaxLength="10" sap:label="Product ID" sap:creatable="false" sap:updatable="false"/>
                <Property Name="MimeType" Type="Edm.String" Nullable="false" MaxLength="100" sap:label="Mime Type" sap:updatable="false"/>
                <Property Name="CreatedAt" Type="Edm.DateTime" Nullable="false" Precision="7" m:FC_TargetPath="SyndicationPublished" m:FC_KeepInContent="true" sap:label="Time Stamp" sap:creatable="false" sap:updatable="false"/>
            </EntityType>
            <EntityType Name="MainCategory" sap:content-version="1">
                <Key>
                    <PropertyRef Name="Id"/>
                </Key>
                <Property Name="Id" Type="Edm.String" Nullable="false" MaxLength="40" m:FC_TargetPath="SyndicationTitle" m:FC_KeepInContent="true" sap:label="Main Category" sap:creatable="false" sap:updatable="false"/>
                <Property Name="Name" Type="Edm.String" Nullable="false" MaxLength="40" sap:label="Main Category" sap:creatable="false" sap:updatable="false"/>
                <NavigationProperty Name="SubCategories" Relationship="EPM_REF_APPS_PROD_MAN_SRV.SubCategoryMainCategory" FromRole="FromRole_SubCategoryMainCategory" ToRole="ToRole_SubCategoryMainCategory" sap:label="Sub-Categories"/>
            </EntityType>
            <EntityType Name="SubCategory" sap:content-version="1">
                <Key>
                    <PropertyRef Name="Id"/>
                </Key>
                <Property Name="Id" Type="Edm.String" Nullable="false" MaxLength="40" m:FC_TargetPath="SyndicationTitle" m:FC_KeepInContent="true" sap:label="Category" sap:creatable="false" sap:updatable="false"/>
                <Property Name="Name" Type="Edm.String" Nullable="false" MaxLength="40" sap:label="Category" sap:creatable="false" sap:updatable="false"/>
                <Property Name="MainCategoryId" Type="Edm.String" Nullable="false" MaxLength="40" sap:label="Main Category" sap:creatable="false" sap:updatable="false"/>
                <Property Name="MainCategoryName" Type="Edm.String" Nullable="false" MaxLength="40" sap:label="Main Category" sap:creatable="false" sap:updatable="false"/>
                <NavigationProperty Name="MainCategory" Relationship="EPM_REF_APPS_PROD_MAN_SRV.SubCategoryMainCategory" FromRole="ToRole_SubCategoryMainCategory" ToRole="FromRole_SubCategoryMainCategory"/>
            </EntityType>
            <EntityType Name="Currency" sap:content-version="1">
                <Key>
                    <PropertyRef Name="Code"/>
                </Key>
                <Property Name="Code" Type="Edm.String" Nullable="false" MaxLength="3" sap:label="ISO code" sap:creatable="false" sap:updatable="false"/>
                <Property Name="Text" Type="Edm.String" Nullable="false" MaxLength="40" m:FC_TargetPath="SyndicationTitle" m:FC_KeepInContent="true" sap:creatable="false" sap:updatable="false"/>
            </EntityType>
            <EntityType Name="DimensionUnit" sap:content-version="1">
                <Key>
                    <PropertyRef Name="Unit"/>
                </Key>
                <Property Name="Unit" Type="Edm.String" Nullable="false" MaxLength="3" sap:label="ISO code" sap:creatable="false" sap:updatable="false"/>
                <Property Name="Shorttext" Type="Edm.String" Nullable="false" MaxLength="10" sap:creatable="false" sap:updatable="false"/>
                <Property Name="Text" Type="Edm.String" Nullable="false" MaxLength="30" m:FC_TargetPath="SyndicationTitle" m:FC_KeepInContent="true" sap:creatable="false" sap:updatable="false"/>
            </EntityType>
            <EntityType Name="QuantityUnit" sap:content-version="1">
                <Key>
                    <PropertyRef Name="Unit"/>
                </Key>
                <Property Name="Unit" Type="Edm.String" Nullable="false" MaxLength="3" sap:label="ISO code" sap:creatable="false" sap:updatable="false"/>
                <Property Name="Shorttext" Type="Edm.String" Nullable="false" MaxLength="10" sap:creatable="false" sap:updatable="false"/>
                <Property Name="Text" Type="Edm.String" Nullable="false" MaxLength="30" m:FC_TargetPath="SyndicationTitle" m:FC_KeepInContent="true" sap:creatable="false" sap:updatable="false"/>
            </EntityType>
            <EntityType Name="WeightUnit" sap:content-version="1">
                <Key>
                    <PropertyRef Name="Unit"/>
                </Key>
                <Property Name="Unit" Type="Edm.String" Nullable="false" MaxLength="3" sap:label="ISO code" sap:creatable="false" sap:updatable="false"/>
                <Property Name="Shorttext" Type="Edm.String" Nullable="false" MaxLength="10" sap:creatable="false" sap:updatable="false"/>
                <Property Name="Text" Type="Edm.String" Nullable="false" MaxLength="30" m:FC_TargetPath="SyndicationTitle" m:FC_KeepInContent="true" sap:creatable="false" sap:updatable="false"/>
            </EntityType>
            <Association Name="ProductDraftSubCategory" sap:content-version="1">
                <End Type="EPM_REF_APPS_PROD_MAN_SRV.SubCategory" Multiplicity="1" Role="FromRole_ProductDraftSubCategory"/>
                <End Type="EPM_REF_APPS_PROD_MAN_SRV.ProductDraft" Multiplicity="*" Role="ToRole_ProductDraftSubCategory"/>
                <ReferentialConstraint>
                    <Principal Role="FromRole_ProductDraftSubCategory">
                        <PropertyRef Name="Id"/>
                    </Principal>
                    <Dependent Role="ToRole_ProductDraftSubCategory">
                        <PropertyRef Name="SubCategoryId"/>
                    </Dependent>
                </ReferentialConstraint>
            </Association>
            <Association Name="ProductSupplier" sap:content-version="1">
                <End Type="EPM_REF_APPS_PROD_MAN_SRV.Supplier" Multiplicity="1" Role="FromRole_ProductSupplier"/>
                <End Type="EPM_REF_APPS_PROD_MAN_SRV.Product" Multiplicity="*" Role="ToRole_ProductSupplier"/>
                <ReferentialConstraint>
                    <Principal Role="FromRole_ProductSupplier">
                        <PropertyRef Name="Id"/>
                    </Principal>
                    <Dependent Role="ToRole_ProductSupplier">
                        <PropertyRef Name="SupplierId"/>
                    </Dependent>
                </ReferentialConstraint>
            </Association>
            <Association Name="SubCategoryMainCategory" sap:content-version="1">
                <End Type="EPM_REF_APPS_PROD_MAN_SRV.MainCategory" Multiplicity="1" Role="FromRole_SubCategoryMainCategory"/>
                <End Type="EPM_REF_APPS_PROD_MAN_SRV.SubCategory" Multiplicity="*" Role="ToRole_SubCategoryMainCategory"/>
                <ReferentialConstraint>
                    <Principal Role="FromRole_SubCategoryMainCategory">
                        <PropertyRef Name="Id"/>
                    </Principal>
                    <Dependent Role="ToRole_SubCategoryMainCategory">
                        <PropertyRef Name="MainCategoryId"/>
                    </Dependent>
                </ReferentialConstraint>
            </Association>
            <Association Name="ProductDraftImageDrafts" sap:content-version="1">
                <End Type="EPM_REF_APPS_PROD_MAN_SRV.ProductDraft" Multiplicity="1" Role="FromRole_ProductDraftImageDrafts"/>
                <End Type="EPM_REF_APPS_PROD_MAN_SRV.ImageDraft" Multiplicity="*" Role="ToRole_ProductDraftImageDrafts"/>
            </Association>
            <EntityContainer Name="EPM_REF_APPS_PROD_MAN_SRV_Entities" m:IsDefaultEntityContainer="true" sap:supported-formats="atom json xlsx">
                <EntitySet Name="Suppliers" EntityType="EPM_REF_APPS_PROD_MAN_SRV.Supplier" sap:creatable="false" sap:updatable="false" sap:deletable="false" sap:searchable="true" sap:content-version="1"/>
                <EntitySet Name="Products" EntityType="EPM_REF_APPS_PROD_MAN_SRV.Product" sap:creatable="false" sap:updatable="false" sap:deletable="false" sap:searchable="true" sap:content-version="1"/>
                <EntitySet Name="ProductDrafts" EntityType="EPM_REF_APPS_PROD_MAN_SRV.ProductDraft" sap:searchable="true" sap:content-version="1"/>
                <EntitySet Name="ImageDrafts" EntityType="EPM_REF_APPS_PROD_MAN_SRV.ImageDraft" sap:searchable="true" sap:content-version="1" sap:deletable-path="IsDeletable" sap:updatable-path="IsModifiable"/>
                <EntitySet Name="MainCategories" EntityType="EPM_REF_APPS_PROD_MAN_SRV.MainCategory" sap:creatable="false" sap:updatable="false" sap:deletable="false" sap:searchable="true" sap:content-version="1"/>
                <EntitySet Name="SubCategories" EntityType="EPM_REF_APPS_PROD_MAN_SRV.SubCategory" sap:creatable="false" sap:updatable="false" sap:deletable="false" sap:searchable="true" sap:content-version="1"/>
                <EntitySet Name="Currencies" EntityType="EPM_REF_APPS_PROD_MAN_SRV.Currency" sap:creatable="false" sap:updatable="false" sap:deletable="false" sap:searchable="true" sap:content-version="1"/>
                <EntitySet Name="DimensionUnits" EntityType="EPM_REF_APPS_PROD_MAN_SRV.DimensionUnit" sap:creatable="false" sap:updatable="false" sap:deletable="false" sap:searchable="true" sap:content-version="1"/>
                <EntitySet Name="QuantityUnits" EntityType="EPM_REF_APPS_PROD_MAN_SRV.QuantityUnit" sap:creatable="false" sap:updatable="false" sap:deletable="false" sap:searchable="true" sap:content-version="1"/>
                <EntitySet Name="WeightUnits" EntityType="EPM_REF_APPS_PROD_MAN_SRV.WeightUnit" sap:creatable="false" sap:updatable="false" sap:deletable="false" sap:searchable="true" sap:content-version="1"/>
                <AssociationSet Name="ProductDraftSubCategorySet" Association="EPM_REF_APPS_PROD_MAN_SRV.ProductDraftSubCategory" sap:creatable="false" sap:updatable="false" sap:deletable="false" sap:content-version="1">
                    <End EntitySet="SubCategories" Role="FromRole_ProductDraftSubCategory"/>
                    <End EntitySet="ProductDrafts" Role="ToRole_ProductDraftSubCategory"/>
                </AssociationSet>
                <AssociationSet Name="SubCategoryMainCategorySet" Association="EPM_REF_APPS_PROD_MAN_SRV.SubCategoryMainCategory" sap:creatable="false" sap:updatable="false" sap:deletable="false" sap:content-version="1">
                    <End EntitySet="MainCategories" Role="FromRole_SubCategoryMainCategory"/>
                    <End EntitySet="SubCategories" Role="ToRole_SubCategoryMainCategory"/>
                </AssociationSet>
                <AssociationSet Name="ProductDraftImageDraftsSet" Association="EPM_REF_APPS_PROD_MAN_SRV.ProductDraftImageDrafts" sap:creatable="false" sap:updatable="false" sap:deletable="false" sap:content-version="1">
                    <End EntitySet="ProductDrafts" Role="FromRole_ProductDraftImageDrafts"/>
                    <End EntitySet="ImageDrafts" Role="ToRole_ProductDraftImageDrafts"/>
                </AssociationSet>
                <AssociationSet Name="ProductSuppliersSet" Association="EPM_REF_APPS_PROD_MAN_SRV.ProductSupplier" sap:creatable="false" sap:updatable="false" sap:deletable="false" sap:content-version="1">
                    <End EntitySet="Suppliers" Role="FromRole_ProductSupplier"/>
                    <End EntitySet="Products" Role="ToRole_ProductSupplier"/>
                </AssociationSet>
                <FunctionImport Name="EditProduct" ReturnType="EPM_REF_APPS_PROD_MAN_SRV.ProductDraft" EntitySet="ProductDrafts" m:HttpMethod="POST" sap:action-for="EPM_REF_APPS_PROD_MAN_SRV.Product">
                    <Parameter Name="ProductId" Type="Edm.String" Mode="In"/>
                </FunctionImport>
                <FunctionImport Name="CopyProduct" ReturnType="EPM_REF_APPS_PROD_MAN_SRV.ProductDraft" EntitySet="ProductDrafts" m:HttpMethod="POST" sap:action-for="EPM_REF_APPS_PROD_MAN_SRV.Product">
                    <Parameter Name="ProductId" Type="Edm.String" Mode="In"/>
                </FunctionImport>
                <FunctionImport Name="ActivateProduct" ReturnType="EPM_REF_APPS_PROD_MAN_SRV.Product" EntitySet="Products" m:HttpMethod="POST" sap:action-for="EPM_REF_APPS_PROD_MAN_SRV.ProductDraft">
                    <Parameter Name="ProductDraftId" Type="Edm.String" Mode="In"/>
                </FunctionImport>
            </EntityContainer>
            <Annotations
                xmlns="http://docs.oasis-open.org/odata/ns/edm" Target="EPM_REF_APPS_PROD_MAN_SRV.Product/SupplierName">
                <Annotation Term="com.sap.vocabularies.Common.v1.ValueList">
                    <Record>
                        <PropertyValue Property="CollectionPath" String="Suppliers"/>
                        <PropertyValue Property="SearchSupported" Bool="true"/>
                        <PropertyValue Property="Parameters">
                            <Collection>
                                <Record Type="com.sap.vocabularies.Common.v1.ValueListParameterInOut">
                                    <PropertyValue Property="LocalDataProperty" PropertyPath="SupplierName"/>
                                    <PropertyValue Property="ValueListProperty" String="Name"/>
                                </Record>
                                <Record Type="com.sap.vocabularies.Common.v1.ValueListParameterOut">
                                    <PropertyValue Property="LocalDataProperty" PropertyPath="SupplierId"/>
                                    <PropertyValue Property="ValueListProperty" String="Id"/>
                                </Record>
                            </Collection>
                        </PropertyValue>
                    </Record>
                </Annotation>
            </Annotations>
            <Annotations
                xmlns="http://docs.oasis-open.org/odata/ns/edm" Target="EPM_REF_APPS_PROD_MAN_SRV.ProductDraft/SupplierName">
                <Annotation Term="com.sap.vocabularies.Common.v1.ValueList">
                    <Record>
                        <PropertyValue Property="CollectionPath" String="Suppliers"/>
                        <PropertyValue Property="SearchSupported" Bool="true"/>
                        <PropertyValue Property="Parameters">
                            <Collection>
                                <Record Type="com.sap.vocabularies.Common.v1.ValueListParameterInOut">
                                    <PropertyValue Property="LocalDataProperty" PropertyPath="SupplierName"/>
                                    <PropertyValue Property="ValueListProperty" String="Name"/>
                                </Record>
                                <Record Type="com.sap.vocabularies.Common.v1.ValueListParameterOut">
                                    <PropertyValue Property="LocalDataProperty" PropertyPath="SupplierId"/>
                                    <PropertyValue Property="ValueListProperty" String="Id"/>
                                </Record>
                                <Record Type="com.sap.vocabularies.Common.v1.ValueListParameterDisplayOnly">
                                    <PropertyValue Property="ValueListProperty" String="FormattedAddress"/>
                                </Record>
                            </Collection>
                        </PropertyValue>
                    </Record>
                </Annotation>
            </Annotations>
            <Annotations
                xmlns="http://docs.oasis-open.org/odata/ns/edm" Target="EPM_REF_APPS_PROD_MAN_SRV.ProductDraft/SupplierId">
                <Annotation Term="com.sap.vocabularies.Common.v1.ValueList">
                    <Record>
                        <PropertyValue Property="CollectionPath" String="Suppliers"/>
                        <PropertyValue Property="SearchSupported" Bool="true"/>
                        <PropertyValue Property="Parameters">
                            <Collection>
                                <Record Type="com.sap.vocabularies.Common.v1.ValueListParameterInOut">
                                    <PropertyValue Property="LocalDataProperty" PropertyPath="SupplierName"/>
                                    <PropertyValue Property="ValueListProperty" String="Name"/>
                                </Record>
                                <Record Type="com.sap.vocabularies.Common.v1.ValueListParameterOut">
                                    <PropertyValue Property="LocalDataProperty" PropertyPath="SupplierId"/>
                                    <PropertyValue Property="ValueListProperty" String="Id"/>
                                </Record>
                                <Record Type="com.sap.vocabularies.Common.v1.ValueListParameterDisplayOnly">
                                    <PropertyValue Property="ValueListProperty" String="FormattedAddress"/>
                                </Record>
                            </Collection>
                        </PropertyValue>
                    </Record>
                </Annotation>
            </Annotations>
            <Annotations
                xmlns="http://docs.oasis-open.org/odata/ns/edm" Target="EPM_REF_APPS_PROD_MAN_SRV.Product/SubCategoryName">
                <Annotation Term="com.sap.vocabularies.Common.v1.ValueList">
                    <Record>
                        <PropertyValue Property="CollectionPath" String="SubCategories"/>
                        <PropertyValue Property="SearchSupported" Bool="true"/>
                        <PropertyValue Property="Parameters">
                            <Collection>
                                <Record Type="com.sap.vocabularies.Common.v1.ValueListParameterInOut">
                                    <PropertyValue Property="LocalDataProperty" PropertyPath="SubCategoryName"/>
                                    <PropertyValue Property="ValueListProperty" String="Name"/>
                                </Record>
                                <Record Type="com.sap.vocabularies.Common.v1.ValueListParameterIn">
                                    <PropertyValue Property="LocalDataProperty" PropertyPath="MainCategoryId"/>
                                    <PropertyValue Property="ValueListProperty" String="MainCategoryId"/>
                                </Record>
                                <Record Type="com.sap.vocabularies.Common.v1.ValueListParameterOut">
                                    <PropertyValue Property="LocalDataProperty" PropertyPath="SubCategoryId"/>
                                    <PropertyValue Property="ValueListProperty" String="Id"/>
                                </Record>
                            </Collection>
                        </PropertyValue>
                    </Record>
                </Annotation>
            </Annotations>
            <Annotations
                xmlns="http://docs.oasis-open.org/odata/ns/edm" Target="EPM_REF_APPS_PROD_MAN_SRV.ProductDraft/SubCategoryName">
                <Annotation Term="com.sap.vocabularies.Common.v1.ValueList">
                    <Record>
                        <PropertyValue Property="CollectionPath" String="SubCategories"/>
                        <PropertyValue Property="SearchSupported" Bool="true"/>
                        <PropertyValue Property="Parameters">
                            <Collection>
                                <Record Type="com.sap.vocabularies.Common.v1.ValueListParameterInOut">
                                    <PropertyValue Property="LocalDataProperty" PropertyPath="SubCategoryName"/>
                                    <PropertyValue Property="ValueListProperty" String="Name"/>
                                </Record>
                                <Record Type="com.sap.vocabularies.Common.v1.ValueListParameterIn">
                                    <PropertyValue Property="LocalDataProperty" PropertyPath="MainCategoryId"/>
                                    <PropertyValue Property="ValueListProperty" String="MainCategoryId"/>
                                </Record>
                                <Record Type="com.sap.vocabularies.Common.v1.ValueListParameterOut">
                                    <PropertyValue Property="LocalDataProperty" PropertyPath="SubCategoryId"/>
                                    <PropertyValue Property="ValueListProperty" String="Id"/>
                                </Record>
                            </Collection>
                        </PropertyValue>
                    </Record>
                </Annotation>
            </Annotations>
            <Annotations
                xmlns="http://docs.oasis-open.org/odata/ns/edm" Target="EPM_REF_APPS_PROD_MAN_SRV.Product/CurrencyCode">
                <Annotation Term="com.sap.vocabularies.Common.v1.ValueList">
                    <Record>
                        <PropertyValue Property="CollectionPath" String="Currencies"/>
                        <PropertyValue Property="SearchSupported" Bool="true"/>
                        <PropertyValue Property="Parameters">
                            <Collection>
                                <Record Type="com.sap.vocabularies.Common.v1.ValueListParameterInOut">
                                    <PropertyValue Property="LocalDataProperty" PropertyPath="CurrencyCode"/>
                                    <PropertyValue Property="ValueListProperty" String="Code"/>
                                </Record>
                                <Record Type="com.sap.vocabularies.Common.v1.ValueListParameterDisplayOnly">
                                    <PropertyValue Property="ValueListProperty" String="Text"/>
                                </Record>
                            </Collection>
                        </PropertyValue>
                    </Record>
                </Annotation>
            </Annotations>
            <Annotations
                xmlns="http://docs.oasis-open.org/odata/ns/edm" Target="EPM_REF_APPS_PROD_MAN_SRV.ProductDraft/CurrencyCode">
                <Annotation Term="com.sap.vocabularies.Common.v1.ValueList">
                    <Record>
                        <PropertyValue Property="CollectionPath" String="Currencies"/>
                        <PropertyValue Property="SearchSupported" Bool="true"/>
                        <PropertyValue Property="Parameters">
                            <Collection>
                                <Record Type="com.sap.vocabularies.Common.v1.ValueListParameterInOut">
                                    <PropertyValue Property="LocalDataProperty" PropertyPath="CurrencyCode"/>
                                    <PropertyValue Property="ValueListProperty" String="Code"/>
                                </Record>
                                <Record Type="com.sap.vocabularies.Common.v1.ValueListParameterDisplayOnly">
                                    <PropertyValue Property="ValueListProperty" String="Text"/>
                                </Record>
                            </Collection>
                        </PropertyValue>
                    </Record>
                </Annotation>
            </Annotations>
            <Annotations
                xmlns="http://docs.oasis-open.org/odata/ns/edm" Target="EPM_REF_APPS_PROD_MAN_SRV.Product/WeightUnit">
                <Annotation Term="com.sap.vocabularies.Common.v1.ValueList">
                    <Record>
                        <PropertyValue Property="CollectionPath" String="WeightUnits"/>
                        <PropertyValue Property="SearchSupported" Bool="true"/>
                        <PropertyValue Property="Parameters">
                            <Collection>
                                <Record Type="com.sap.vocabularies.Common.v1.ValueListParameterInOut">
                                    <PropertyValue Property="LocalDataProperty" PropertyPath="WeightUnit"/>
                                    <PropertyValue Property="ValueListProperty" String="Unit"/>
                                </Record>
                                <Record Type="com.sap.vocabularies.Common.v1.ValueListParameterDisplayOnly">
                                    <PropertyValue Property="ValueListProperty" String="Text"/>
                                </Record>
                            </Collection>
                        </PropertyValue>
                    </Record>
                </Annotation>
            </Annotations>
            <Annotations
                xmlns="http://docs.oasis-open.org/odata/ns/edm" Target="EPM_REF_APPS_PROD_MAN_SRV.ProductDraft/WeightUnit">
                <Annotation Term="com.sap.vocabularies.Common.v1.ValueList">
                    <Record>
                        <PropertyValue Property="CollectionPath" String="WeightUnits"/>
                        <PropertyValue Property="SearchSupported" Bool="true"/>
                        <PropertyValue Property="Parameters">
                            <Collection>
                                <Record Type="com.sap.vocabularies.Common.v1.ValueListParameterInOut">
                                    <PropertyValue Property="LocalDataProperty" PropertyPath="WeightUnit"/>
                                    <PropertyValue Property="ValueListProperty" String="Unit"/>
                                </Record>
                                <Record Type="com.sap.vocabularies.Common.v1.ValueListParameterDisplayOnly">
                                    <PropertyValue Property="ValueListProperty" String="Text"/>
                                </Record>
                            </Collection>
                        </PropertyValue>
                    </Record>
                </Annotation>
            </Annotations>
            <Annotations
                xmlns="http://docs.oasis-open.org/odata/ns/edm" Target="EPM_REF_APPS_PROD_MAN_SRV.Product/DimensionUnit">
                <Annotation Term="com.sap.vocabularies.Common.v1.ValueList">
                    <Record>
                        <PropertyValue Property="CollectionPath" String="DimensionUnits"/>
                        <PropertyValue Property="SearchSupported" Bool="true"/>
                        <PropertyValue Property="Parameters">
                            <Collection>
                                <Record Type="com.sap.vocabularies.Common.v1.ValueListParameterInOut">
                                    <PropertyValue Property="LocalDataProperty" PropertyPath="DimensionUnit"/>
                                    <PropertyValue Property="ValueListProperty" String="Unit"/>
                                </Record>
                                <Record Type="com.sap.vocabularies.Common.v1.ValueListParameterDisplayOnly">
                                    <PropertyValue Property="ValueListProperty" String="Text"/>
                                </Record>
                            </Collection>
                        </PropertyValue>
                    </Record>
                </Annotation>
            </Annotations>
            <Annotations
                xmlns="http://docs.oasis-open.org/odata/ns/edm" Target="EPM_REF_APPS_PROD_MAN_SRV.ProductDraft/DimensionUnit">
                <Annotation Term="com.sap.vocabularies.Common.v1.ValueList">
                    <Record>
                        <PropertyValue Property="CollectionPath" String="DimensionUnits"/>
                        <PropertyValue Property="SearchSupported" Bool="true"/>
                        <PropertyValue Property="Parameters">
                            <Collection>
                                <Record Type="com.sap.vocabularies.Common.v1.ValueListParameterInOut">
                                    <PropertyValue Property="LocalDataProperty" PropertyPath="DimensionUnit"/>
                                    <PropertyValue Property="ValueListProperty" String="Unit"/>
                                </Record>
                                <Record Type="com.sap.vocabularies.Common.v1.ValueListParameterDisplayOnly">
                                    <PropertyValue Property="ValueListProperty" String="Text"/>
                                </Record>
                            </Collection>
                        </PropertyValue>
                    </Record>
                </Annotation>
            </Annotations>
            <Annotations
                xmlns="http://docs.oasis-open.org/odata/ns/edm" Target="EPM_REF_APPS_PROD_MAN_SRV.Product/QuantityUnit">
                <Annotation Term="com.sap.vocabularies.Common.v1.ValueList">
                    <Record>
                        <PropertyValue Property="CollectionPath" String="QuantityUnits"/>
                        <PropertyValue Property="SearchSupported" Bool="true"/>
                        <PropertyValue Property="Parameters">
                            <Collection>
                                <Record Type="com.sap.vocabularies.Common.v1.ValueListParameterInOut">
                                    <PropertyValue Property="LocalDataProperty" PropertyPath="QuantityUnit"/>
                                    <PropertyValue Property="ValueListProperty" String="Unit"/>
                                </Record>
                                <Record Type="com.sap.vocabularies.Common.v1.ValueListParameterDisplayOnly">
                                    <PropertyValue Property="ValueListProperty" String="Text"/>
                                </Record>
                            </Collection>
                        </PropertyValue>
                    </Record>
                </Annotation>
            </Annotations>
            <Annotations
                xmlns="http://docs.oasis-open.org/odata/ns/edm" Target="EPM_REF_APPS_PROD_MAN_SRV.ProductDraft/QuantityUnit">
                <Annotation Term="com.sap.vocabularies.Common.v1.ValueList">
                    <Record>
                        <PropertyValue Property="CollectionPath" String="QuantityUnits"/>
                        <PropertyValue Property="SearchSupported" Bool="true"/>
                        <PropertyValue Property="Parameters">
                            <Collection>
                                <Record Type="com.sap.vocabularies.Common.v1.ValueListParameterInOut">
                                    <PropertyValue Property="LocalDataProperty" PropertyPath="QuantityUnit"/>
                                    <PropertyValue Property="ValueListProperty" String="Unit"/>
                                </Record>
                                <Record Type="com.sap.vocabularies.Common.v1.ValueListParameterDisplayOnly">
                                    <PropertyValue Property="ValueListProperty" String="Text"/>
                                </Record>
                            </Collection>
                        </PropertyValue>
                    </Record>
                </Annotation>
            </Annotations>
            <Annotations
                xmlns="http://docs.oasis-open.org/odata/ns/edm" Target="EPM_REF_APPS_PROD_MAN_SRV.Product/MainCategoryName">
                <Annotation Term="com.sap.vocabularies.Common.v1.ValueList">
                    <Record>
                        <PropertyValue Property="CollectionPath" String="MainCategories"/>
                        <PropertyValue Property="SearchSupported" Bool="true"/>
                        <PropertyValue Property="Parameters">
                            <Collection>
                                <Record Type="com.sap.vocabularies.Common.v1.ValueListParameterInOut">
                                    <PropertyValue Property="LocalDataProperty" PropertyPath="MainCategoryName"/>
                                    <PropertyValue Property="ValueListProperty" String="Name"/>
                                </Record>
                                <Record Type="com.sap.vocabularies.Common.v1.ValueListParameterOut">
                                    <PropertyValue Property="LocalDataProperty" PropertyPath="MainCategoryId"/>
                                    <PropertyValue Property="ValueListProperty" String="Id"/>
                                </Record>
                            </Collection>
                        </PropertyValue>
                    </Record>
                </Annotation>
            </Annotations>
            <Annotations
                xmlns="http://docs.oasis-open.org/odata/ns/edm" Target="EPM_REF_APPS_PROD_MAN_SRV.ProductDraft/MainCategoryName">
                <Annotation Term="com.sap.vocabularies.Common.v1.ValueList">
                    <Record>
                        <PropertyValue Property="CollectionPath" String="MainCategories"/>
                        <PropertyValue Property="SearchSupported" Bool="true"/>
                        <PropertyValue Property="Parameters">
                            <Collection>
                                <Record Type="com.sap.vocabularies.Common.v1.ValueListParameterInOut">
                                    <PropertyValue Property="LocalDataProperty" PropertyPath="MainCategoryName"/>
                                    <PropertyValue Property="ValueListProperty" String="Name"/>
                                </Record>
                                <Record Type="com.sap.vocabularies.Common.v1.ValueListParameterOut">
                                    <PropertyValue Property="LocalDataProperty" PropertyPath="MainCategoryId"/>
                                    <PropertyValue Property="ValueListProperty" String="Id"/>
                                </Record>
                            </Collection>
                        </PropertyValue>
                    </Record>
                </Annotation>
            </Annotations>
            <Annotations
                xmlns="http://docs.oasis-open.org/odata/ns/edm" Target="EPM_REF_APPS_PROD_MAN_SRV.Product/MainCategoryId">
                <Annotation Term="com.sap.vocabularies.Common.v1.ValueList">
                    <Record>
                        <PropertyValue Property="CollectionPath" String="MainCategories"/>
                        <PropertyValue Property="SearchSupported" Bool="true"/>
                        <PropertyValue Property="Parameters">
                            <Collection>
                                <Record Type="com.sap.vocabularies.Common.v1.ValueListParameterInOut">
                                    <PropertyValue Property="LocalDataProperty" PropertyPath="MainCategoryId"/>
                                    <PropertyValue Property="ValueListProperty" String="Id"/>
                                </Record>
                                <Record Type="com.sap.vocabularies.Common.v1.ValueListParameterOut">
                                    <PropertyValue Property="LocalDataProperty" PropertyPath="MainCategoryName"/>
                                    <PropertyValue Property="ValueListProperty" String="Name"/>
                                </Record>
                            </Collection>
                        </PropertyValue>
                    </Record>
                </Annotation>
            </Annotations>
            <Annotations
                xmlns="http://docs.oasis-open.org/odata/ns/edm" Target="EPM_REF_APPS_PROD_MAN_SRV.ProductDraft/MainCategoryId">
                <Annotation Term="com.sap.vocabularies.Common.v1.ValueList">
                    <Record>
                        <PropertyValue Property="CollectionPath" String="MainCategories"/>
                        <PropertyValue Property="SearchSupported" Bool="true"/>
                        <PropertyValue Property="Parameters">
                            <Collection>
                                <Record Type="com.sap.vocabularies.Common.v1.ValueListParameterInOut">
                                    <PropertyValue Property="LocalDataProperty" PropertyPath="MainCategoryId"/>
                                    <PropertyValue Property="ValueListProperty" String="Id"/>
                                </Record>
                                <Record Type="com.sap.vocabularies.Common.v1.ValueListParameterOut">
                                    <PropertyValue Property="LocalDataProperty" PropertyPath="MainCategoryName"/>
                                    <PropertyValue Property="ValueListProperty" String="Name"/>
                                </Record>
                            </Collection>
                        </PropertyValue>
                    </Record>
                </Annotation>
            </Annotations>
            <Annotations
                xmlns="http://docs.oasis-open.org/odata/ns/edm" Target="EPM_REF_APPS_PROD_MAN_SRV.Product">
                <Annotation Term="Common.SemanticObject" String="EPMProduct"/>
                <Annotation Term="UI.HeaderInfo">
                    <Record>
                        <PropertyValue Property="TypeName" String="Product"/>
                        <PropertyValue Property="TypeNamePlural" String="Products"/>
                        <PropertyValue Property="Title">
                            <Record Type="UI.DataField">
                                <PropertyValue Property="Value" Path="Name"/>
                            </Record>
                        </PropertyValue>
                        <PropertyValue Property="Description">
                            <Record Type="UI.DataField">
                                <PropertyValue Property="Value" Path="Id"/>
                            </Record>
                        </PropertyValue>
                        <PropertyValue Property="ImageUrl" Path="ImageUrl"/>
                    </Record>
                </Annotation>
            </Annotations>
            <Annotations
                xmlns="http://docs.oasis-open.org/odata/ns/edm" Target="EPM_REF_APPS_PROD_MAN_SRV.ProductDraft">
                <Annotation Term="Common.SemanticObject" String="EPMProduct"/>
                <Annotation Term="UI.HeaderInfo">
                    <Record>
                        <PropertyValue Property="TypeName" String="Product"/>
                        <PropertyValue Property="TypeNamePlural" String="Products"/>
                        <PropertyValue Property="Title">
                            <Record Type="UI.DataField">
                                <PropertyValue Property="Value" Path="Name"/>
                            </Record>
                        </PropertyValue>
                        <PropertyValue Property="Description">
                            <Record Type="UI.DataField">
                                <PropertyValue Property="Value" Path="Id"/>
                            </Record>
                        </PropertyValue>
                        <PropertyValue Property="ImageUrl" Path="ImageUrl"/>
                    </Record>
                </Annotation>
            </Annotations>
            <atom:link
                xmlns:atom="http://www.w3.org/2005/Atom" rel="self" href="./sap/EPM_REF_APPS_PROD_MAN_SRV/$metadata"/>
                <atom:link
                    xmlns:atom="http://www.w3.org/2005/Atom" rel="latest-version" href="./sap/EPM_REF_APPS_PROD_MAN_SRV/$metadata"/>
                </Schema>
            </edmx:DataServices>
        </edmx:Edmx>