[{"CurrencyCode":"EUR","Id":"HT-1000","StockQuantity":"145","Name":"Notebook Basic 15","Description":"Notebook Basic 15 with 2,80 GHz quad core, 15\" LCD, 4 GB DDR3 RAM, 500 GB Hard Disc, Windows 8 Pro","SubCategoryId":"Notebooks","SubCategoryName":"Notebooks","MainCategoryId":"Computer Systems","MainCategoryName":"Computer Systems","SupplierId":"100000000","SupplierName":"SAP","LastModified":"2016-04-22T11:13:10.0000000","Price":"956.00","DimensionHeight":"3","DimensionWidth":"30","DimensionDepth":"18","DimensionUnit":"cm","ImageUrl":"/sap/public/bc/NWDEMO_MODEL/IMAGES/HT-1000.jpg","QuantityUnit":"EA","MeasureUnit":"each","AverageRating":"3.33","RatingCount":"3","WeightMeasure":"4.2","WeightUnit":"kg"},{"CurrencyCode":"EUR","Id":"HT-1001","StockQuantity":"141","Name":"Notebook Basic 17","Description":"Notebook Basic 17 with 2,80 GHz quad core, 17\" LCD, 4 GB DDR3 RAM, 500 GB Hard Disc, Windows 8 Pro","SubCategoryId":"Notebooks","SubCategoryName":"Notebooks","MainCategoryId":"Computer Systems","MainCategoryName":"Computer Systems","SupplierId":"100000001","SupplierName":"Becker Berlin","LastModified":"2016-04-22T11:13:10.0000000","Price":"1249.00","DimensionHeight":"3.1","DimensionWidth":"29","DimensionDepth":"17","DimensionUnit":"cm","ImageUrl":"/sap/public/bc/NWDEMO_MODEL/IMAGES/HT-1001.jpg","QuantityUnit":"EA","MeasureUnit":"each","AverageRating":"0.00","RatingCount":"0","WeightMeasure":"4.5","WeightUnit":"kg"},{"CurrencyCode":"USD","Id":"HT-1002","StockQuantity":"139","Name":"Notebook Basic 18","Description":"Notebook Basic 18 with 2,80 GHz quad core, 18\" LCD, 8 GB DDR3 RAM, 1000 GB Hard Disc, Windows 8 Pro","SubCategoryId":"Notebooks","SubCategoryName":"Notebooks","MainCategoryId":"Computer Systems","MainCategoryName":"Computer Systems","SupplierId":"100000002","SupplierName":"DelBont Industries","LastModified":"2016-04-22T11:13:10.0000000","Price":"1570.00","DimensionHeight":"2.5","DimensionWidth":"28","DimensionDepth":"19","DimensionUnit":"cm","ImageUrl":"/sap/public/bc/NWDEMO_MODEL/IMAGES/HT-1002.jpg","QuantityUnit":"EA","MeasureUnit":"each","AverageRating":"3.00","RatingCount":"4","WeightMeasure":"4.2","WeightUnit":"kg"},{"CurrencyCode":"EUR","Id":"HT-1003","StockQuantity":"149","Name":"Notebook Basic 19","Description":"Notebook Basic 19 with 2,80 GHz quad core, 19\" LCD, 8 GB DDR3 RAM, 1000 GB Hard Disc, Windows 8 Pro","SubCategoryId":"Notebooks","SubCategoryName":"Notebooks","MainCategoryId":"Computer Systems","MainCategoryName":"Computer Systems","SupplierId":"100000003","SupplierName":"Talpa","LastModified":"2016-04-22T11:13:10.0000000","Price":"1650.00","DimensionHeight":"4","DimensionWidth":"32","DimensionDepth":"21","DimensionUnit":"cm","ImageUrl":"/sap/public/bc/NWDEMO_MODEL/IMAGES/HT-1003.jpg","QuantityUnit":"EA","MeasureUnit":"each","AverageRating":"3.27","RatingCount":"15","WeightMeasure":"4.2","WeightUnit":"kg"},{"CurrencyCode":"USD","Id":"HT-1007","StockQuantity":"148","Name":"ITelO Vault","Description":"Digital Organizer with State-of-the-Art Storage Encryption","SubCategoryId":"PDAs & Organizers","SubCategoryName":"PDAs & Organizers","MainCategoryId":"Computer Components","MainCategoryName":"Computer Components","SupplierId":"100000004","SupplierName":"Panorama Studios","LastModified":"2016-04-22T11:13:10.0000000","Price":"299.00","DimensionHeight":"3","DimensionWidth":"32","DimensionDepth":"22","DimensionUnit":"cm","ImageUrl":"/sap/public/bc/NWDEMO_MODEL/IMAGES/HT-1007.jpg","QuantityUnit":"EA","MeasureUnit":"each","AverageRating":"3.00","RatingCount":"13","WeightMeasure":"0.2","WeightUnit":"kg"},{"CurrencyCode":"EUR","Id":"HT-1010","StockQuantity":"145","Name":"Notebook Professional 15","Description":"Notebook Professional 15 with 2,80 GHz quad core, 15\" Multitouch LCD, 8 GB DDR3 RAM, 500 GB SSD - DVD-Writer (DVD-R/+R/-RW/-RAM),Windows 8 Pro","SubCategoryId":"Notebooks","SubCategoryName":"Notebooks","MainCategoryId":"Computer Systems","MainCategoryName":"Computer Systems","SupplierId":"100000005","SupplierName":"TECUM","LastModified":"2016-04-22T11:13:10.0000000","Price":"1999.00","DimensionHeight":"3","DimensionWidth":"33","DimensionDepth":"20","DimensionUnit":"cm","ImageUrl":"/sap/public/bc/NWDEMO_MODEL/IMAGES/HT-1010.jpg","QuantityUnit":"EA","MeasureUnit":"each","AverageRating":"3.08","RatingCount":"12","WeightMeasure":"4.3","WeightUnit":"kg"},{"CurrencyCode":"JPY","Id":"HT-1011","StockQuantity":"145","Name":"Notebook Professional 17","Description":"Notebook Professional 17 with 2,80 GHz quad core, 17\" Multitouch LCD, 8 GB DDR3 RAM, 500 GB SSD - DVD-Writer (DVD-R/+R/-RW/-RAM),Windows 8 Pro","SubCategoryId":"Notebooks","SubCategoryName":"Notebooks","MainCategoryId":"Computer Systems","MainCategoryName":"Computer Systems","SupplierId":"100000006","SupplierName":"Asia High tech","LastModified":"2016-04-22T11:13:10.0000000","Price":"229900","DimensionHeight":"2","DimensionWidth":"33","DimensionDepth":"23","DimensionUnit":"cm","ImageUrl":"/sap/public/bc/NWDEMO_MODEL/IMAGES/HT-1011.jpg","QuantityUnit":"EA","MeasureUnit":"each","AverageRating":"2.60","RatingCount":"5","WeightMeasure":"4.1","WeightUnit":"kg"},{"CurrencyCode":"EUR","Id":"HT-1020","StockQuantity":"146","Name":"ITelO Vault Net","Description":"Digital Organizer with State-of-the-Art Encryption for Storage and Network Communications","SubCategoryId":"PDAs & Organizers","SubCategoryName":"PDAs & Organizers","MainCategoryId":"Computer Components","MainCategoryName":"Computer Components","SupplierId":"100000007","SupplierName":"Laurent","LastModified":"2016-04-22T11:13:10.0000000","Price":"459.00","DimensionHeight":"17","DimensionWidth":"10","DimensionDepth":"1.8","DimensionUnit":"cm","ImageUrl":"/sap/public/bc/NWDEMO_MODEL/IMAGES/HT-1020.jpg","QuantityUnit":"EA","MeasureUnit":"each","AverageRating":"3.07","RatingCount":"14","WeightMeasure":"0.16","WeightUnit":"kg"},{"CurrencyCode":"MXN","Id":"HT-1021","StockQuantity":"146","Name":"ITelO Vault SAT","Description":"Digital Organizer with State-of-the-Art Encryption for Storage and Secure Stellite Link","SubCategoryId":"PDAs & Organizers","SubCategoryName":"PDAs & Organizers","MainCategoryId":"Computer Components","MainCategoryName":"Computer Components","SupplierId":"100000008","SupplierName":"AVANTEL","LastModified":"2016-04-22T11:13:10.0000000","Price":"149.00","DimensionHeight":"18","DimensionWidth":"11","DimensionDepth":"1.7","DimensionUnit":"cm","ImageUrl":"/sap/public/bc/NWDEMO_MODEL/IMAGES/HT-1021.jpg","QuantityUnit":"EA","MeasureUnit":"each","AverageRating":"2.33","RatingCount":"3","WeightMeasure":"0.18","WeightUnit":"kg"},{"CurrencyCode":"ARS","Id":"HT-1022","StockQuantity":"146","Name":"Comfort Easy","Description":"32 GB Digital Assistant with high-resolution color screen","SubCategoryId":"PDAs & Organizers","SubCategoryName":"PDAs & Organizers","MainCategoryId":"Computer Components","MainCategoryName":"Computer Components","SupplierId":"100000009","SupplierName":"Telecomunicaciones Star","LastModified":"2016-04-22T11:13:10.0000000","Price":"1679.00","DimensionHeight":"14","DimensionWidth":"84","DimensionDepth":"1.5","DimensionUnit":"cm","ImageUrl":"/sap/public/bc/NWDEMO_MODEL/IMAGES/HT-1022.jpg","QuantityUnit":"EA","MeasureUnit":"each","AverageRating":"0.00","RatingCount":"0","WeightMeasure":"0.2","WeightUnit":"kg"},{"CurrencyCode":"USD","Id":"HT-1023","StockQuantity":"140","Name":"Comfort Senior","Description":"64 GB Digital Assistant with high-resolution color screen and synthesized voice output","SubCategoryId":"PDAs & Organizers","SubCategoryName":"PDAs & Organizers","MainCategoryId":"Computer Components","MainCategoryName":"Computer Components","SupplierId":"100000010","SupplierName":"Pear Computing Services","LastModified":"2016-04-22T11:13:10.0000000","Price":"512.00","DimensionHeight":"13","DimensionWidth":"80","DimensionDepth":"1.6","DimensionUnit":"cm","ImageUrl":"/sap/public/bc/NWDEMO_MODEL/IMAGES/HT-1023.jpg","QuantityUnit":"EA","MeasureUnit":"each","AverageRating":"3.44","RatingCount":"9","WeightMeasure":"0.8","WeightUnit":"kg"},{"CurrencyCode":"EUR","Id":"HT-1030","StockQuantity":"133","Name":"Ergo Screen E-I","Description":"Optimum Hi-Resolution max. 1920 x 1080 @ 85Hz, Dot Pitch: 0.27mm","SubCategoryId":"Flat Screen Monitors","SubCategoryName":"Flat Screen Monitors","MainCategoryId":"Computer Components","MainCategoryName":"Computer Components","SupplierId":"100000011","SupplierName":"Alpine Systems","LastModified":"2016-04-22T11:13:10.0000000","Price":"230.00","DimensionHeight":"36","DimensionWidth":"37","DimensionDepth":"12","DimensionUnit":"cm","ImageUrl":"/sap/public/bc/NWDEMO_MODEL/IMAGES/HT-1030.jpg","QuantityUnit":"EA","MeasureUnit":"each","AverageRating":"4.14","RatingCount":"7","WeightMeasure":"21","WeightUnit":"kg"},{"CurrencyCode":"GBP","Id":"HT-1031","StockQuantity":"140","Name":"Ergo Screen E-II","Description":"Optimum Hi-Resolution max. 1920 x 1200 @ 85Hz, Dot Pitch: 0.26mm","SubCategoryId":"Flat Screen Monitors","SubCategoryName":"Flat Screen Monitors","MainCategoryId":"Computer Components","MainCategoryName":"Computer Components","SupplierId":"100000012","SupplierName":"New Line Design","LastModified":"2016-04-22T11:13:10.0000000","Price":"285.00","DimensionHeight":"43","DimensionWidth":"40.8","DimensionDepth":"19","DimensionUnit":"cm","ImageUrl":"/sap/public/bc/NWDEMO_MODEL/IMAGES/HT-1031.jpg","QuantityUnit":"EA","MeasureUnit":"each","AverageRating":"3.00","RatingCount":"6","WeightMeasure":"21","WeightUnit":"kg"},{"CurrencyCode":"EUR","Id":"HT-1032","StockQuantity":"145","Name":"Ergo Screen E-III","Description":"Optimum Hi-Resolution max. 2560 x 1440 @ 85Hz, Dot Pitch: 0.25mm","SubCategoryId":"Flat Screen Monitors","SubCategoryName":"Flat Screen Monitors","MainCategoryId":"Computer Components","MainCategoryName":"Computer Components","SupplierId":"100000013","SupplierName":"HEPA Tec","LastModified":"2016-04-22T11:13:10.0000000","Price":"345.00","DimensionHeight":"43","DimensionWidth":"40.8","DimensionDepth":"19","DimensionUnit":"cm","ImageUrl":"/sap/public/bc/NWDEMO_MODEL/IMAGES/HT-1032.jpg","QuantityUnit":"EA","MeasureUnit":"each","AverageRating":"3.40","RatingCount":"10","WeightMeasure":"21","WeightUnit":"kg"},{"CurrencyCode":"USD","Id":"HT-1035","StockQuantity":"146","Name":"Flat Basic","Description":"Optimum Hi-Resolution max. 1600 x 1200 @ 85Hz, Dot Pitch: 0.24mm","SubCategoryId":"Flat Screen Monitors","SubCategoryName":"Flat Screen Monitors","MainCategoryId":"Computer Components","MainCategoryName":"Computer Components","SupplierId":"100000014","SupplierName":"Anav Ideon","LastModified":"2016-04-22T11:13:10.0000000","Price":"399.00","DimensionHeight":"41","DimensionWidth":"39","DimensionDepth":"20","DimensionUnit":"cm","ImageUrl":"/sap/public/bc/NWDEMO_MODEL/IMAGES/HT-1035.jpg","QuantityUnit":"EA","MeasureUnit":"each","AverageRating":"3.00","RatingCount":"1","WeightMeasure":"14","WeightUnit":"kg"},{"CurrencyCode":"CAD","Id":"HT-1036","StockQuantity":"149","Name":"Flat Future","Description":"Optimum Hi-Resolution max. 2048 x 1080 @ 85Hz, Dot Pitch: 0.26mm","SubCategoryId":"Flat Screen Monitors","SubCategoryName":"Flat Screen Monitors","MainCategoryId":"Computer Components","MainCategoryName":"Computer Components","SupplierId":"100000015","SupplierName":"Robert Brown Entertainment","LastModified":"2016-04-22T11:13:10.0000000","Price":"430.00","DimensionHeight":"46","DimensionWidth":"45","DimensionDepth":"26","DimensionUnit":"cm","ImageUrl":"/sap/public/bc/NWDEMO_MODEL/IMAGES/HT-1036.jpg","QuantityUnit":"EA","MeasureUnit":"each","AverageRating":"2.50","RatingCount":"2","WeightMeasure":"15","WeightUnit":"kg"},{"CurrencyCode":"MXN","Id":"HT-1037","StockQuantity":"148","Name":"Flat XL","Description":"Optimum Hi-Resolution max. 2016 x 1512 @ 85Hz, Dot Pitch: 0.24mm","SubCategoryId":"Flat Screen Monitors","SubCategoryName":"Flat Screen Monitors","MainCategoryId":"Computer Components","MainCategoryName":"Computer Components","SupplierId":"100000016","SupplierName":"Mexican Oil Trading Company","LastModified":"2016-04-22T11:13:10.0000000","Price":"1230.00","DimensionHeight":"39.1","DimensionWidth":"54.5","DimensionDepth":"22.1","DimensionUnit":"cm","ImageUrl":"/sap/public/bc/NWDEMO_MODEL/IMAGES/HT-1037.jpg","QuantityUnit":"EA","MeasureUnit":"each","AverageRating":"4.50","RatingCount":"2","WeightMeasure":"17","WeightUnit":"kg"},{"CurrencyCode":"EUR","Id":"HT-1040","StockQuantity":"146","Name":"Laser Professional Eco","Description":"Print 2400 dpi image quality color documents at speeds of up to 32 ppm (color) or 36 ppm (monochrome), letter/A4. Powerful 500 MHz processor, 512MB of memory","SubCategoryId":"Laser Printers","SubCategoryName":"Laser Printers","MainCategoryId":"Printers & Scanners","MainCategoryName":"Printers & Scanners","SupplierId":"100000017","SupplierName":"Meliva","LastModified":"2016-04-22T11:13:10.0000000","Price":"830.00","DimensionHeight":"30","DimensionWidth":"51","DimensionDepth":"46","DimensionUnit":"cm","ImageUrl":"/sap/public/bc/NWDEMO_MODEL/IMAGES/HT-1040.jpg","QuantityUnit":"EA","MeasureUnit":"each","AverageRating":"2.50","RatingCount":"2","WeightMeasure":"32","WeightUnit":"kg"},{"CurrencyCode":"ARS","Id":"HT-1041","StockQuantity":"147","Name":"Laser Basic","Description":"Up to 22 ppm color or 24 ppm monochrome A4/letter, powerful 500 MHz processor and 128MB of memory","SubCategoryId":"Laser Printers","SubCategoryName":"Laser Printers","MainCategoryId":"Printers & Scanners","MainCategoryName":"Printers & Scanners","SupplierId":"100000018","SupplierName":"Compostela","LastModified":"2016-04-22T11:13:10.0000000","Price":"490.00","DimensionHeight":"26","DimensionWidth":"48","DimensionDepth":"42","DimensionUnit":"cm","ImageUrl":"/sap/public/bc/NWDEMO_MODEL/IMAGES/HT-1041.jpg","QuantityUnit":"EA","MeasureUnit":"each","AverageRating":"3.86","RatingCount":"14","WeightMeasure":"23","WeightUnit":"kg"},{"CurrencyCode":"EUR","Id":"HT-1042","StockQuantity":"0","Name":"Laser Allround","Description":"Print up to 25 ppm letter and 24 ppm A4 color or monochrome, with a first-page-out-time of less than 13 seconds for monochrome and less than 15 seconds for color","SubCategoryId":"Laser Printers","SubCategoryName":"Laser Printers","MainCategoryId":"Printers & Scanners","MainCategoryName":"Printers & Scanners","SupplierId":"100000019","SupplierName":"Pateu","LastModified":"2016-04-22T11:13:10.0000000","Price":"349.00","DimensionHeight":"65","DimensionWidth":"53","DimensionDepth":"50","DimensionUnit":"cm","ImageUrl":"/sap/public/bc/NWDEMO_MODEL/IMAGES/HT-1042.jpg","QuantityUnit":"EA","MeasureUnit":"each","AverageRating":"2.90","RatingCount":"10","WeightMeasure":"17","WeightUnit":"kg"},{"CurrencyCode":"RUB","Id":"HT-1050","StockQuantity":"0","Name":"Ultra Jet Super Color","Description":"4800 dpi x 1200 dpi - up to 35 ppm (mono) / up to 34 ppm (color) - capacity: 250 sheets - Hi-Speed USB, Ethernet","SubCategoryId":"Ink Jet Printers","SubCategoryName":"Ink Jet Printers","MainCategoryId":"Printers & Scanners","MainCategoryName":"Printers & Scanners","SupplierId":"100000020","SupplierName":"Russian Electronic Trading Company","LastModified":"2016-04-22T11:13:10.0000000","Price":"139.00","DimensionHeight":"28","DimensionWidth":"41","DimensionDepth":"41","DimensionUnit":"cm","ImageUrl":"/sap/public/bc/NWDEMO_MODEL/IMAGES/HT-1050.jpg","QuantityUnit":"EA","MeasureUnit":"each","AverageRating":"2.33","RatingCount":"15","WeightMeasure":"3","WeightUnit":"kg"},{"CurrencyCode":"USD","Id":"HT-1051","StockQuantity":"0","Name":"Ultra Jet Mobile","Description":"1000 dpi x 1000 dpi - up to 35 ppm (mono) / up to 34 ppm (color) - capacity: 250 sheets - Hi-Speed USB - excellent dimensions for the small office","SubCategoryId":"Ink Jet Printers","SubCategoryName":"Ink Jet Printers","MainCategoryId":"Printers & Scanners","MainCategoryName":"Printers & Scanners","SupplierId":"100000021","SupplierName":"Florida Holiday Company","LastModified":"2016-04-22T11:13:10.0000000","Price":"99.00","DimensionHeight":"25","DimensionWidth":"46","DimensionDepth":"32","DimensionUnit":"cm","ImageUrl":"/sap/public/bc/NWDEMO_MODEL/IMAGES/HT-1051.jpg","QuantityUnit":"EA","MeasureUnit":"each","AverageRating":"3.18","RatingCount":"11","WeightMeasure":"1.9","WeightUnit":"kg"},{"CurrencyCode":"EUR","Id":"HT-1052","StockQuantity":"0","Name":"Ultra Jet Super Highspeed","Description":"4800 dpi x 1200 dpi - up to 35 ppm (mono) / up to 34 ppm (color) - capacity: 250 sheets - Hi-Speed USB2.0, Ethernet","SubCategoryId":"Ink Jet Printers","SubCategoryName":"Ink Jet Printers","MainCategoryId":"Printers & Scanners","MainCategoryName":"Printers & Scanners","SupplierId":"100000022","SupplierName":"Quimica Madrilenos","LastModified":"2016-04-22T11:13:10.0000000","Price":"170.00","DimensionHeight":"28","DimensionWidth":"41","DimensionDepth":"41","DimensionUnit":"cm","ImageUrl":"/sap/public/bc/NWDEMO_MODEL/IMAGES/HT-1052.jpg","QuantityUnit":"EA","MeasureUnit":"each","AverageRating":"2.80","RatingCount":"5","WeightMeasure":"18","WeightUnit":"kg"},{"CurrencyCode":"EUR","Id":"HT-1055","StockQuantity":"0","Name":"Multi Print","Description":"1000 dpi x 1000 dpi - up to 16 ppm (mono) / up to 15 ppm (color)- capacity 80 sheets - scanner (216 x 297 mm, 1200dpi x 2400dpi)","SubCategoryId":"Multifunction Printers","SubCategoryName":"Multifunction Printers","MainCategoryId":"Printers & Scanners","MainCategoryName":"Printers & Scanners","SupplierId":"100000023","SupplierName":"Getränkegroßhandel Janssen","LastModified":"2016-04-22T11:13:10.0000000","Price":"99.00","DimensionHeight":"29","DimensionWidth":"55","DimensionDepth":"45","DimensionUnit":"cm","ImageUrl":"/sap/public/bc/NWDEMO_MODEL/IMAGES/HT-1055.jpg","QuantityUnit":"EA","MeasureUnit":"each","AverageRating":"3.13","RatingCount":"15","WeightMeasure":"6.3","WeightUnit":"kg"},{"CurrencyCode":"JPY","Id":"HT-1056","StockQuantity":"0","Name":"Multi Color","Description":"1200 dpi x 1200 dpi - up to 25 ppm (mono) / up to 24 ppm (color)- capacity 80 sheets - scanner (216 x 297 mm, 2400dpi x 4800dpi, high resolution)","SubCategoryId":"Multifunction Printers","SubCategoryName":"Multifunction Printers","MainCategoryId":"Printers & Scanners","MainCategoryName":"Printers & Scanners","SupplierId":"100000024","SupplierName":"JaTeCo","LastModified":"2016-04-22T11:13:10.0000000","Price":"11900","DimensionHeight":"22","DimensionWidth":"51","DimensionDepth":"41.3","DimensionUnit":"cm","ImageUrl":"/sap/public/bc/NWDEMO_MODEL/IMAGES/HT-1056.jpg","QuantityUnit":"EA","MeasureUnit":"each","AverageRating":"3.50","RatingCount":"2","WeightMeasure":"4.3","WeightUnit":"kg"},{"CurrencyCode":"EUR","Id":"HT-1060","StockQuantity":"0","Name":"Cordless Mouse","Description":"Cordless Optical USB Mice, Laptop, Color: Black, Plug&Play","SubCategoryId":"Mice","SubCategoryName":"Mice","MainCategoryId":"Computer Components","MainCategoryName":"Computer Components","SupplierId":"100000025","SupplierName":"Tessile Casa Di Roma","LastModified":"2016-04-22T11:13:10.0000000","Price":"9.00","DimensionHeight":"3.5","DimensionWidth":"6","DimensionDepth":"14.5","DimensionUnit":"cm","ImageUrl":"/sap/public/bc/NWDEMO_MODEL/IMAGES/HT-1060.jpg","QuantityUnit":"EA","MeasureUnit":"each","AverageRating":"2.33","RatingCount":"6","WeightMeasure":"0.09","WeightUnit":"kg"},{"CurrencyCode":"EUR","Id":"HT-1061","StockQuantity":"0","Name":"Speed Mouse","Description":"Optical USB, PS/2 Mouse, Color: Blue, 3-button-functionality (incl. Scroll wheel)","SubCategoryId":"Mice","SubCategoryName":"Mice","MainCategoryId":"Computer Components","MainCategoryName":"Computer Components","SupplierId":"100000026","SupplierName":"Vente Et Réparation de Ordinateur","LastModified":"2016-04-22T11:13:10.0000000","Price":"7.00","DimensionHeight":"3.1","DimensionWidth":"7","DimensionDepth":"15","DimensionUnit":"cm","ImageUrl":"/sap/public/bc/NWDEMO_MODEL/IMAGES/HT-1061.jpg","QuantityUnit":"EA","MeasureUnit":"each","AverageRating":"2.90","RatingCount":"10","WeightMeasure":"0.09","WeightUnit":"kg"},{"CurrencyCode":"ARS","Id":"HT-1062","StockQuantity":"0","Name":"Track Mouse","Description":"Optical USB Mouse, Color: Red, 5-button-functionality(incl. Scroll wheel), Plug&Play","SubCategoryId":"Mice","SubCategoryName":"Mice","MainCategoryId":"Computer Components","MainCategoryName":"Computer Components","SupplierId":"100000027","SupplierName":"Developement Para O Governo","LastModified":"2016-04-22T11:13:10.0000000","Price":"11.00","DimensionHeight":"4","DimensionWidth":"3","DimensionDepth":"7","DimensionUnit":"cm","ImageUrl":"/sap/public/bc/NWDEMO_MODEL/IMAGES/HT-1062.jpg","QuantityUnit":"EA","MeasureUnit":"each","AverageRating":"0.00","RatingCount":"0","WeightMeasure":"0.03","WeightUnit":"kg"},{"CurrencyCode":"BRL","Id":"HT-1063","StockQuantity":"0","Name":"Ergonomic Keyboard","Description":"Ergonomic USB Keyboard for Desktop, Plug&Play","SubCategoryId":"Keyboards","SubCategoryName":"Keyboards","MainCategoryId":"Computer Components","MainCategoryName":"Computer Components","SupplierId":"100000028","SupplierName":"Brazil Technologies","LastModified":"2016-04-22T11:13:10.0000000","Price":"14.00","DimensionHeight":"3.5","DimensionWidth":"50","DimensionDepth":"21","DimensionUnit":"cm","ImageUrl":"/sap/public/bc/NWDEMO_MODEL/IMAGES/HT-1063.jpg","QuantityUnit":"EA","MeasureUnit":"each","AverageRating":"3.18","RatingCount":"11","WeightMeasure":"2.1","WeightUnit":"kg"},{"CurrencyCode":"CAD","Id":"HT-1064","StockQuantity":"0","Name":"Internet Keyboard","Description":"Corded Keyboard with special keys for Internet Usability, USB","SubCategoryId":"Keyboards","SubCategoryName":"Keyboards","MainCategoryId":"Computer Components","MainCategoryName":"Computer Components","SupplierId":"100000029","SupplierName":"C.R.T.U.","LastModified":"2016-04-22T11:13:10.0000000","Price":"16.00","DimensionHeight":"3","DimensionWidth":"52","DimensionDepth":"25","DimensionUnit":"cm","ImageUrl":"/sap/public/bc/NWDEMO_MODEL/IMAGES/HT-1064.jpg","QuantityUnit":"EA","MeasureUnit":"each","AverageRating":"2.64","RatingCount":"14","WeightMeasure":"1.8","WeightUnit":"kg"},{"CurrencyCode":"CHF","Id":"HT-1065","StockQuantity":"148","Name":"Media Keyboard","Description":"Corded Ergonomic Keyboard with special keys for Media Usability, USB","SubCategoryId":"Keyboards","SubCategoryName":"Keyboards","MainCategoryId":"Computer Components","MainCategoryName":"Computer Components","SupplierId":"100000030","SupplierName":"Jologa","LastModified":"2016-04-22T11:13:10.0000000","Price":"26.00","DimensionHeight":"4","DimensionWidth":"51.4","DimensionDepth":"23","DimensionUnit":"cm","ImageUrl":"/sap/public/bc/NWDEMO_MODEL/IMAGES/HT-1065.jpg","QuantityUnit":"EA","MeasureUnit":"each","AverageRating":"3.09","RatingCount":"11","WeightMeasure":"2.3","WeightUnit":"kg"},{"CurrencyCode":"USD","Id":"HT-1066","StockQuantity":"147","Name":"Mousepad","Description":"Nice mouse pad with ITelO Logo","SubCategoryId":"Mousepads","SubCategoryName":"Mousepads","MainCategoryId":"Computer Components","MainCategoryName":"Computer Components","SupplierId":"100000031","SupplierName":"Baleda","LastModified":"2016-04-22T11:13:10.0000000","Price":"6.99","DimensionHeight":"0.2","DimensionWidth":"15","DimensionDepth":"6","DimensionUnit":"cm","ImageUrl":"/sap/public/bc/NWDEMO_MODEL/IMAGES/HT-1066.jpg","QuantityUnit":"EA","MeasureUnit":"each","AverageRating":"3.75","RatingCount":"4","WeightMeasure":"80","WeightUnit":"g"},{"CurrencyCode":"EUR","Id":"HT-1067","StockQuantity":"150","Name":"Ergo Mousepad","Description":"Ergonomic mouse pad with ITelO Logo","SubCategoryId":"Mousepads","SubCategoryName":"Mousepads","MainCategoryId":"Computer Components","MainCategoryName":"Computer Components","SupplierId":"100000032","SupplierName":"Angeré","LastModified":"2016-04-22T11:13:10.0000000","Price":"8.99","DimensionHeight":"0.2","DimensionWidth":"15","DimensionDepth":"6","DimensionUnit":"cm","ImageUrl":"/sap/public/bc/NWDEMO_MODEL/IMAGES/HT-1067.jpg","QuantityUnit":"EA","MeasureUnit":"each","AverageRating":"1.00","RatingCount":"1","WeightMeasure":"80","WeightUnit":"g"},{"CurrencyCode":"USD","Id":"HT-1068","StockQuantity":"134","Name":"Designer Mousepad","Description":"ITelO Mousepad Special Edition","SubCategoryId":"Mousepads","SubCategoryName":"Mousepads","MainCategoryId":"Computer Components","MainCategoryName":"Computer Components","SupplierId":"100000033","SupplierName":"PC Gym Tec","LastModified":"2016-04-22T11:13:10.0000000","Price":"12.99","DimensionHeight":"0.6","DimensionWidth":"24","DimensionDepth":"24","DimensionUnit":"cm","ImageUrl":"/sap/public/bc/NWDEMO_MODEL/IMAGES/HT-1068.jpg","QuantityUnit":"EA","MeasureUnit":"each","AverageRating":"2.31","RatingCount":"13","WeightMeasure":"90","WeightUnit":"g"},{"CurrencyCode":"JPY","Id":"HT-1069","StockQuantity":"4","Name":"Universal card reader","Description":"Universal card reader","SubCategoryId":"Computer System Accessories","SubCategoryName":"Computer System Accessories","MainCategoryId":"Computer Systems","MainCategoryName":"Computer Systems","SupplierId":"100000034","SupplierName":"Japan Insurance Partner","LastModified":"2016-04-22T11:13:10.0000000","Price":"1400","DimensionHeight":"3","DimensionWidth":"6","DimensionDepth":"6","DimensionUnit":"cm","ImageUrl":"/sap/public/bc/NWDEMO_MODEL/IMAGES/HT-1069.jpg","QuantityUnit":"EA","MeasureUnit":"each","AverageRating":"3.33","RatingCount":"9","WeightMeasure":"45","WeightUnit":"g"},{"CurrencyCode":"ARS","Id":"HT-1070","StockQuantity":"4","Name":"Proctra X","Description":"Proctra X: PCI-E GDDR5 3072MB","SubCategoryId":"Graphic Cards","SubCategoryName":"Graphic Cards","MainCategoryId":"Computer Components","MainCategoryName":"Computer Components","SupplierId":"100000035","SupplierName":"Entertainment Argentinia","LastModified":"2016-04-22T11:13:10.0000000","Price":"70.90","DimensionHeight":"17","DimensionWidth":"22","DimensionDepth":"35","DimensionUnit":"cm","ImageUrl":"/sap/public/bc/NWDEMO_MODEL/IMAGES/HT-1070.jpg","QuantityUnit":"EA","MeasureUnit":"each","AverageRating":"2.57","RatingCount":"14","WeightMeasure":"0.255","WeightUnit":"kg"},{"CurrencyCode":"ZAR","Id":"HT-1071","StockQuantity":"4","Name":"Gladiator MX","Description":"Gladiator XLN: PCI-E GDDR5 3072MB DVI Out, TV Out low-noise","SubCategoryId":"Graphic Cards","SubCategoryName":"Graphic Cards","MainCategoryId":"Computer Components","MainCategoryName":"Computer Components","SupplierId":"100000036","SupplierName":"African Gold And Diamond Corporation","LastModified":"2016-04-22T11:13:10.0000000","Price":"81.70","DimensionHeight":"17","DimensionWidth":"22","DimensionDepth":"35","DimensionUnit":"cm","ImageUrl":"/sap/public/bc/NWDEMO_MODEL/IMAGES/HT-1071.jpg","QuantityUnit":"EA","MeasureUnit":"each","AverageRating":"2.50","RatingCount":"12","WeightMeasure":"0.3","WeightUnit":"kg"},{"CurrencyCode":"USD","Id":"HT-1072","StockQuantity":"4","Name":"Hurricane GX","Description":"Hurricane GX: PCI-E 691 GFLOPS game-optimized","SubCategoryId":"Graphic Cards","SubCategoryName":"Graphic Cards","MainCategoryId":"Computer Components","MainCategoryName":"Computer Components","SupplierId":"100000037","SupplierName":"PicoBit","LastModified":"2016-04-22T11:13:10.0000000","Price":"101.20","DimensionHeight":"17","DimensionWidth":"22","DimensionDepth":"35","DimensionUnit":"cm","ImageUrl":"/sap/public/bc/NWDEMO_MODEL/IMAGES/HT-1072.jpg","QuantityUnit":"EA","MeasureUnit":"each","AverageRating":"3.14","RatingCount":"7","WeightMeasure":"0.4","WeightUnit":"kg"},{"CurrencyCode":"EUR","Id":"HT-1073","StockQuantity":"4","Name":"Hurricane GX/LN","Description":"Hurricane GX/LN: PCI-E 691 GFLOPS game-optimized, low-noise.","SubCategoryId":"Graphic Cards","SubCategoryName":"Graphic Cards","MainCategoryId":"Computer Components","MainCategoryName":"Computer Components","SupplierId":"100000038","SupplierName":"Bionic Research Lab","LastModified":"2016-04-22T11:13:10.0000000","Price":"139.99","DimensionHeight":"17","DimensionWidth":"22","DimensionDepth":"35","DimensionUnit":"cm","ImageUrl":"/sap/public/bc/NWDEMO_MODEL/IMAGES/HT-1073.jpg","QuantityUnit":"EA","MeasureUnit":"each","AverageRating":"3.33","RatingCount":"3","WeightMeasure":"0.4","WeightUnit":"kg"},{"CurrencyCode":"INR","Id":"HT-1080","StockQuantity":"4","Name":"Photo Scan","Description":"Flatbed scanner - 9.600 × 9.600 dpi - 216 x 297 mm - Hi-Speed USB - Bluetooth","SubCategoryId":"Scanners","SubCategoryName":"Scanners","MainCategoryId":"Printers & Scanners","MainCategoryName":"Printers & Scanners","SupplierId":"100000039","SupplierName":"Indian IT Trading Company","LastModified":"2016-04-22T11:13:10.0000000","Price":"129.00","DimensionHeight":"5","DimensionWidth":"34","DimensionDepth":"48","DimensionUnit":"cm","ImageUrl":"/sap/public/bc/NWDEMO_MODEL/IMAGES/HT-1080.jpg","QuantityUnit":"EA","MeasureUnit":"each","AverageRating":"2.56","RatingCount":"9","WeightMeasure":"2.3","WeightUnit":"kg"},{"CurrencyCode":"PLN","Id":"HT-1081","StockQuantity":"4","Name":"Power Scan","Description":"Flatbed scanner - 9.600 × 9.600 dpi - 216 x 297 mm - SCSI for backward compatibility","SubCategoryId":"Scanners","SubCategoryName":"Scanners","MainCategoryId":"Printers & Scanners","MainCategoryName":"Printers & Scanners","SupplierId":"100000040","SupplierName":"Chemia A Technicznie Fabryka","LastModified":"2016-04-22T11:13:10.0000000","Price":"89.00","DimensionHeight":"7","DimensionWidth":"31","DimensionDepth":"43","DimensionUnit":"cm","ImageUrl":"/sap/public/bc/NWDEMO_MODEL/IMAGES/HT-1081.jpg","QuantityUnit":"EA","MeasureUnit":"each","AverageRating":"3.00","RatingCount":"2","WeightMeasure":"2.4","WeightUnit":"kg"},{"CurrencyCode":"ARS","Id":"HT-1082","StockQuantity":"4","Name":"Jet Scan Professional","Description":"Flatbed scanner - Letter - 2400 dpi x 2400 dpi - 216 x 297 mm - add-on module","SubCategoryId":"Scanners","SubCategoryName":"Scanners","MainCategoryId":"Printers & Scanners","MainCategoryName":"Printers & Scanners","SupplierId":"100000041","SupplierName":"South American IT Company","LastModified":"2016-04-22T11:13:10.0000000","Price":"169.00","DimensionHeight":"12","DimensionWidth":"33","DimensionDepth":"41","DimensionUnit":"cm","ImageUrl":"/sap/public/bc/NWDEMO_MODEL/IMAGES/HT-1082.jpg","QuantityUnit":"EA","MeasureUnit":"each","AverageRating":"3.67","RatingCount":"3","WeightMeasure":"3.2","WeightUnit":"kg"},{"CurrencyCode":"CNY","Id":"HT-1083","StockQuantity":"3","Name":"Jet Scan Professional","Description":"Flatbed scanner - A4 - 2400 dpi x 2400 dpi - 216 x 297 mm - add-on module","SubCategoryId":"Scanners","SubCategoryName":"Scanners","MainCategoryId":"Printers & Scanners","MainCategoryName":"Printers & Scanners","SupplierId":"100000042","SupplierName":"Siwusha","LastModified":"2016-04-22T11:13:10.0000000","Price":"189.00","DimensionHeight":"10","DimensionWidth":"35","DimensionDepth":"40","DimensionUnit":"cm","ImageUrl":"/sap/public/bc/NWDEMO_MODEL/IMAGES/HT-1083.jpg","QuantityUnit":"EA","MeasureUnit":"each","AverageRating":"3.40","RatingCount":"5","WeightMeasure":"3.2","WeightUnit":"kg"},{"CurrencyCode":"DKK","Id":"HT-1085","StockQuantity":"4","Name":"Copymaster","Description":"Copymaster","SubCategoryId":"Multifunction Printers","SubCategoryName":"Multifunction Printers","MainCategoryId":"Printers & Scanners","MainCategoryName":"Printers & Scanners","SupplierId":"100000043","SupplierName":"Danish Fish Trading Company","LastModified":"2016-04-22T11:13:10.0000000","Price":"1499.00","DimensionHeight":"22","DimensionWidth":"45","DimensionDepth":"42","DimensionUnit":"cm","ImageUrl":"/sap/public/bc/NWDEMO_MODEL/IMAGES/HT-1085.jpg","QuantityUnit":"EA","MeasureUnit":"each","AverageRating":"3.18","RatingCount":"11","WeightMeasure":"23.2","WeightUnit":"kg"},{"CurrencyCode":"EUR","Id":"HT-1090","StockQuantity":"4","Name":"Surround Sound","Description":"PC multimedia speakers - 5 Watt (Total)","SubCategoryId":"Speakers","SubCategoryName":"Speakers","MainCategoryId":"Computer Components","MainCategoryName":"Computer Components","SupplierId":"100000044","SupplierName":"Sorali","LastModified":"2016-04-22T11:13:10.0000000","Price":"39.00","DimensionHeight":"16","DimensionWidth":"12","DimensionDepth":"10","DimensionUnit":"cm","ImageUrl":"/sap/public/bc/NWDEMO_MODEL/IMAGES/HT-1090.jpg","QuantityUnit":"EA","MeasureUnit":"each","AverageRating":"2.50","RatingCount":"8","WeightMeasure":"3","WeightUnit":"kg"},{"CurrencyCode":"EUR","Id":"HT-1091","StockQuantity":"4","Name":"Blaster Extreme","Description":"PC multimedia speakers - 10 Watt (Total) - 2-way","SubCategoryId":"Speakers","SubCategoryName":"Speakers","MainCategoryId":"Computer Components","MainCategoryName":"Computer Components","SupplierId":"100000000","SupplierName":"SAP","LastModified":"2016-04-22T11:13:10.0000000","Price":"26.00","DimensionHeight":"17.5","DimensionWidth":"13","DimensionDepth":"11","DimensionUnit":"cm","ImageUrl":"/sap/public/bc/NWDEMO_MODEL/IMAGES/HT-1091.jpg","QuantityUnit":"EA","MeasureUnit":"each","AverageRating":"3.00","RatingCount":"14","WeightMeasure":"1.4","WeightUnit":"kg"},{"CurrencyCode":"EUR","Id":"HT-1092","StockQuantity":"4","Name":"Sound Booster","Description":"PC multimedia speakers - optimized for Blutooth/A2DP","SubCategoryId":"Speakers","SubCategoryName":"Speakers","MainCategoryId":"Computer Components","MainCategoryName":"Computer Components","SupplierId":"100000001","SupplierName":"Becker Berlin","LastModified":"2016-04-22T11:13:10.0000000","Price":"45.00","DimensionHeight":"18.1","DimensionWidth":"12.4","DimensionDepth":"10.4","DimensionUnit":"cm","ImageUrl":"/sap/public/bc/NWDEMO_MODEL/IMAGES/HT-1092.jpg","QuantityUnit":"EA","MeasureUnit":"each","AverageRating":"3.57","RatingCount":"7","WeightMeasure":"2.1","WeightUnit":"kg"},{"CurrencyCode":"USD","Id":"HT-1100","StockQuantity":"4","Name":"Smart Office","Description":"Complete package, 1 User, Office Applications (word processing, spreadsheet, presentations)","SubCategoryId":"Software","SubCategoryName":"Software","MainCategoryId":"Software","MainCategoryName":"Software","SupplierId":"100000002","SupplierName":"DelBont Industries","LastModified":"2016-04-22T11:13:10.0000000","Price":"89.90","DimensionHeight":"2.1","DimensionWidth":"15","DimensionDepth":"6.5","DimensionUnit":"cm","ImageUrl":"/sap/public/bc/NWDEMO_MODEL/IMAGES/HT-1100.jpg","QuantityUnit":"EA","MeasureUnit":"each","AverageRating":"2.25","RatingCount":"4","WeightMeasure":"1.2","WeightUnit":"kg"},{"CurrencyCode":"EUR","Id":"HT-1101","StockQuantity":"4","Name":"Smart Design","Description":"Complete package, 1 User, Image editing, processing","SubCategoryId":"Software","SubCategoryName":"Software","MainCategoryId":"Software","MainCategoryName":"Software","SupplierId":"100000003","SupplierName":"Talpa","LastModified":"2016-04-22T11:13:10.0000000","Price":"79.90","DimensionHeight":"24","DimensionWidth":"14","DimensionDepth":"6.7","DimensionUnit":"cm","ImageUrl":"/sap/public/bc/NWDEMO_MODEL/IMAGES/HT-1101.jpg","QuantityUnit":"EA","MeasureUnit":"each","AverageRating":"2.27","RatingCount":"15","WeightMeasure":"0.8","WeightUnit":"kg"},{"CurrencyCode":"USD","Id":"HT-1102","StockQuantity":"143","Name":"Smart Network","Description":"Complete package, 1 User, Network Software Utilities, Useful Applications and Documentation","SubCategoryId":"Software","SubCategoryName":"Software","MainCategoryId":"Software","MainCategoryName":"Software","SupplierId":"100000004","SupplierName":"Panorama Studios","LastModified":"2016-04-22T11:13:10.0000000","Price":"69.00","DimensionHeight":"27","DimensionWidth":"16","DimensionDepth":"6","DimensionUnit":"cm","ImageUrl":"/sap/public/bc/NWDEMO_MODEL/IMAGES/HT-1102.jpg","QuantityUnit":"EA","MeasureUnit":"each","AverageRating":"3.07","RatingCount":"15","WeightMeasure":"0.8","WeightUnit":"kg"},{"CurrencyCode":"EUR","Id":"HT-1103","StockQuantity":"145","Name":"Smart Multimedia","Description":"Complete package, 1 User, different Multimedia applications, playing music, watching DVDs, only with this Smart package","SubCategoryId":"Software","SubCategoryName":"Software","MainCategoryId":"Software","MainCategoryName":"Software","SupplierId":"100000005","SupplierName":"TECUM","LastModified":"2016-04-22T11:13:10.0000000","Price":"77.00","DimensionHeight":"22","DimensionWidth":"11","DimensionDepth":"3.4","DimensionUnit":"cm","ImageUrl":"/sap/public/bc/NWDEMO_MODEL/IMAGES/HT-1103.jpg","QuantityUnit":"EA","MeasureUnit":"each","AverageRating":"2.86","RatingCount":"14","WeightMeasure":"0.8","WeightUnit":"kg"},{"CurrencyCode":"JPY","Id":"HT-1104","StockQuantity":"146","Name":"Smart Games","Description":"Complete package, 1 User, various games for amusement, logic, action, jump&run","SubCategoryId":"Software","SubCategoryName":"Software","MainCategoryId":"Software","MainCategoryName":"Software","SupplierId":"100000006","SupplierName":"Asia High tech","LastModified":"2016-04-22T11:13:10.0000000","Price":"5500","DimensionHeight":"30","DimensionWidth":"10","DimensionDepth":"3","DimensionUnit":"cm","ImageUrl":"/sap/public/bc/NWDEMO_MODEL/IMAGES/HT-1104.jpg","QuantityUnit":"EA","MeasureUnit":"each","AverageRating":"0.00","RatingCount":"0","WeightMeasure":"1.1","WeightUnit":"kg"},{"CurrencyCode":"EUR","Id":"HT-1105","StockQuantity":"149","Name":"Smart Internet Antivirus","Description":"Complete package, 1 User, highly recommended for internet users as anti-virus protection","SubCategoryId":"Software","SubCategoryName":"Software","MainCategoryId":"Software","MainCategoryName":"Software","SupplierId":"100000007","SupplierName":"Laurent","LastModified":"2016-04-22T11:13:10.0000000","Price":"29.00","DimensionHeight":"21","DimensionWidth":"16","DimensionDepth":"4","DimensionUnit":"cm","ImageUrl":"/sap/public/bc/NWDEMO_MODEL/IMAGES/HT-1105.jpg","QuantityUnit":"EA","MeasureUnit":"each","AverageRating":"3.07","RatingCount":"14","WeightMeasure":"0.7","WeightUnit":"kg"},{"CurrencyCode":"MXN","Id":"HT-1106","StockQuantity":"150","Name":"Smart Firewall","Description":"Complete package, 1 User, recommended for internet users, protect your PC against cyber-crime","SubCategoryId":"Software","SubCategoryName":"Software","MainCategoryId":"Software","MainCategoryName":"Software","SupplierId":"100000008","SupplierName":"AVANTEL","LastModified":"2016-04-22T11:13:10.0000000","Price":"34.00","DimensionHeight":"23.1","DimensionWidth":"17.9","DimensionDepth":"4.2","DimensionUnit":"cm","ImageUrl":"/sap/public/bc/NWDEMO_MODEL/IMAGES/HT-1106.jpg","QuantityUnit":"EA","MeasureUnit":"each","AverageRating":"3.07","RatingCount":"14","WeightMeasure":"0.9","WeightUnit":"kg"},{"CurrencyCode":"ARS","Id":"HT-1107","StockQuantity":"150","Name":"Smart Money","Description":"Complete package, 1 User, bring your money in your mind, see what you have and what you want","SubCategoryId":"Software","SubCategoryName":"Software","MainCategoryId":"Software","MainCategoryName":"Software","SupplierId":"100000009","SupplierName":"Telecomunicaciones Star","LastModified":"2016-04-22T11:13:10.0000000","Price":"29.90","DimensionHeight":"19","DimensionWidth":"12","DimensionDepth":"1.5","DimensionUnit":"cm","ImageUrl":"/sap/public/bc/NWDEMO_MODEL/IMAGES/HT-1107.jpg","QuantityUnit":"EA","MeasureUnit":"each","AverageRating":"2.86","RatingCount":"7","WeightMeasure":"0.5","WeightUnit":"kg"},{"CurrencyCode":"USD","Id":"HT-1110","StockQuantity":"150","Name":"PC Lock","Description":"Robust 3m anti-burglary protection for your laptop computer","SubCategoryId":"Computer System Accessories","SubCategoryName":"Computer System Accessories","MainCategoryId":"Computer Systems","MainCategoryName":"Computer Systems","SupplierId":"100000010","SupplierName":"Pear Computing Services","LastModified":"2016-04-22T11:13:10.0000000","Price":"8.90","DimensionHeight":"4.3","DimensionWidth":"20","DimensionDepth":"8","DimensionUnit":"cm","ImageUrl":"/sap/public/bc/NWDEMO_MODEL/IMAGES/HT-1110.jpg","QuantityUnit":"EA","MeasureUnit":"each","AverageRating":"3.75","RatingCount":"12","WeightMeasure":"0.03","WeightUnit":"kg"},{"CurrencyCode":"EUR","Id":"HT-1111","StockQuantity":"145","Name":"Notebook Lock","Description":"Robust 1m anti-burglary protection for your desktop computer","SubCategoryId":"Computer System Accessories","SubCategoryName":"Computer System Accessories","MainCategoryId":"Computer Systems","MainCategoryName":"Computer Systems","SupplierId":"100000011","SupplierName":"Alpine Systems","LastModified":"2016-04-22T11:13:10.0000000","Price":"6.90","DimensionHeight":"7","DimensionWidth":"31","DimensionDepth":"9","DimensionUnit":"cm","ImageUrl":"/sap/public/bc/NWDEMO_MODEL/IMAGES/HT-1111.jpg","QuantityUnit":"EA","MeasureUnit":"each","AverageRating":"2.63","RatingCount":"8","WeightMeasure":"0.02","WeightUnit":"kg"},{"CurrencyCode":"GBP","Id":"HT-1112","StockQuantity":"148","Name":"Web cam reality","Description":"Color webcam, color, High-Speed USB","SubCategoryId":"Computer System Accessories","SubCategoryName":"Computer System Accessories","MainCategoryId":"Computer Systems","MainCategoryName":"Computer Systems","SupplierId":"100000012","SupplierName":"New Line Design","LastModified":"2016-04-22T11:13:10.0000000","Price":"39.00","DimensionHeight":"1.3","DimensionWidth":"9","DimensionDepth":"8.2","DimensionUnit":"cm","ImageUrl":"/sap/public/bc/NWDEMO_MODEL/IMAGES/HT-1112.jpg","QuantityUnit":"EA","MeasureUnit":"each","AverageRating":"2.90","RatingCount":"10","WeightMeasure":"0.075","WeightUnit":"kg"},{"CurrencyCode":"EUR","Id":"HT-1113","StockQuantity":"144","Name":"Screen clean","Description":"10 separately packed screen wipes","SubCategoryId":"Computer System Accessories","SubCategoryName":"Computer System Accessories","MainCategoryId":"Computer Systems","MainCategoryName":"Computer Systems","SupplierId":"100000013","SupplierName":"HEPA Tec","LastModified":"2016-04-22T11:13:10.0000000","Price":"2.30","DimensionHeight":"0.1","DimensionWidth":"2","DimensionDepth":"2","DimensionUnit":"cm","ImageUrl":"/sap/public/bc/NWDEMO_MODEL/IMAGES/HT-1113.jpg","QuantityUnit":"EA","MeasureUnit":"each","AverageRating":"2.50","RatingCount":"2","WeightMeasure":"0.05","WeightUnit":"kg"},{"CurrencyCode":"USD","Id":"HT-1114","StockQuantity":"140","Name":"Fabric bag professional","Description":"Notebook bag, plenty of room for stationery and writing materials","SubCategoryId":"Computer System Accessories","SubCategoryName":"Computer System Accessories","MainCategoryId":"Computer Systems","MainCategoryName":"Computer Systems","SupplierId":"100000014","SupplierName":"Anav Ideon","LastModified":"2016-04-22T11:13:10.0000000","Price":"31.00","DimensionHeight":"7","DimensionWidth":"42","DimensionDepth":"32","DimensionUnit":"cm","ImageUrl":"/sap/public/bc/NWDEMO_MODEL/IMAGES/HT-1114.jpg","QuantityUnit":"EA","MeasureUnit":"each","AverageRating":"3.25","RatingCount":"8","WeightMeasure":"1.8","WeightUnit":"kg"},{"CurrencyCode":"CAD","Id":"HT-1115","StockQuantity":"141","Name":"Wireless DSL Router","Description":"Wireless DSL Router (available in blue, black and silver)","SubCategoryId":"Telecommunications","SubCategoryName":"Telecommunications","MainCategoryId":"Computer Components","MainCategoryName":"Computer Components","SupplierId":"100000015","SupplierName":"Robert Brown Entertainment","LastModified":"2016-04-22T11:13:10.0000000","Price":"49.00","DimensionHeight":"5","DimensionWidth":"19.3","DimensionDepth":"18","DimensionUnit":"cm","ImageUrl":"/sap/public/bc/NWDEMO_MODEL/IMAGES/HT-1115.jpg","QuantityUnit":"EA","MeasureUnit":"each","AverageRating":"3.22","RatingCount":"9","WeightMeasure":"0.45","WeightUnit":"kg"},{"CurrencyCode":"MXN","Id":"HT-1116","StockQuantity":"143","Name":"Wireless DSL Router / Repeater","Description":"Wireless DSL Router / Repeater (available in blue, black and silver)","SubCategoryId":"Telecommunications","SubCategoryName":"Telecommunications","MainCategoryId":"Computer Components","MainCategoryName":"Computer Components","SupplierId":"100000016","SupplierName":"Mexican Oil Trading Company","LastModified":"2016-04-22T11:13:10.0000000","Price":"59.00","DimensionHeight":"5","DimensionWidth":"19.3","DimensionDepth":"18","DimensionUnit":"cm","ImageUrl":"/sap/public/bc/NWDEMO_MODEL/IMAGES/HT-1116.jpg","QuantityUnit":"EA","MeasureUnit":"each","AverageRating":"2.87","RatingCount":"15","WeightMeasure":"0.45","WeightUnit":"kg"},{"CurrencyCode":"EUR","Id":"HT-1117","StockQuantity":"149","Name":"Wireless DSL Router / Repeater and Print Server","Description":"Wireless DSL Router / Repeater and Print Server (available in blue, black and silver)","SubCategoryId":"Telecommunications","SubCategoryName":"Telecommunications","MainCategoryId":"Computer Components","MainCategoryName":"Computer Components","SupplierId":"100000017","SupplierName":"Meliva","LastModified":"2016-04-22T11:13:10.0000000","Price":"69.00","DimensionHeight":"5","DimensionWidth":"19.3","DimensionDepth":"18","DimensionUnit":"cm","ImageUrl":"/sap/public/bc/NWDEMO_MODEL/IMAGES/HT-1117.jpg","QuantityUnit":"EA","MeasureUnit":"each","AverageRating":"2.46","RatingCount":"13","WeightMeasure":"0.45","WeightUnit":"kg"},{"CurrencyCode":"ARS","Id":"HT-1118","StockQuantity":"144","Name":"USB Stick","Description":"USB 2.0 High-Speed 64 GB","SubCategoryId":"Computer System Accessories","SubCategoryName":"Computer System Accessories","MainCategoryId":"Computer Systems","MainCategoryName":"Computer Systems","SupplierId":"100000018","SupplierName":"Compostela","LastModified":"2016-04-22T11:13:10.0000000","Price":"35.00","DimensionHeight":"1.2","DimensionWidth":"1.5","DimensionDepth":"8.7","DimensionUnit":"cm","ImageUrl":"/sap/public/bc/NWDEMO_MODEL/IMAGES/HT-1118.jpg","QuantityUnit":"EA","MeasureUnit":"each","AverageRating":"2.00","RatingCount":"1","WeightMeasure":"0.015","WeightUnit":"kg"},{"CurrencyCode":"EUR","Id":"HT-1120","StockQuantity":"131","Name":"Cordless Bluetooth Keyboard, english international","Description":"Cordless Bluetooth Keyboard with English keys","SubCategoryId":"Keyboards","SubCategoryName":"Keyboards","MainCategoryId":"Computer Components","MainCategoryName":"Computer Components","SupplierId":"100000019","SupplierName":"Pateu","LastModified":"2016-04-22T11:13:10.0000000","Price":"29.00","DimensionHeight":"4","DimensionWidth":"51.4","DimensionDepth":"23","DimensionUnit":"cm","ImageUrl":"/sap/public/bc/NWDEMO_MODEL/IMAGES/HT-1120.jpg","QuantityUnit":"EA","MeasureUnit":"each","AverageRating":"3.60","RatingCount":"5","WeightMeasure":"1","WeightUnit":"kg"},{"CurrencyCode":"RUB","Id":"HT-1137","StockQuantity":"141","Name":"Flat XXL","Description":"Optimum Hi-Resolution max. 2048 × 1536 @ 85Hz, Dot Pitch: 0.24mm","SubCategoryId":"Flat Screen Monitors","SubCategoryName":"Flat Screen Monitors","MainCategoryId":"Computer Components","MainCategoryName":"Computer Components","SupplierId":"100000020","SupplierName":"Russian Electronic Trading Company","LastModified":"2016-04-22T11:13:10.0000000","Price":"1430.00","DimensionHeight":"38","DimensionWidth":"54","DimensionDepth":"22","DimensionUnit":"cm","ImageUrl":"/sap/public/bc/NWDEMO_MODEL/IMAGES/HT-1137.jpg","QuantityUnit":"EA","MeasureUnit":"each","AverageRating":"2.80","RatingCount":"15","WeightMeasure":"18","WeightUnit":"kg"},{"CurrencyCode":"USD","Id":"HT-1138","StockQuantity":"141","Name":"Pocket Mouse","Description":"Portable pocket Mouse with retracting cord","SubCategoryId":"Mice","SubCategoryName":"Mice","MainCategoryId":"Computer Components","MainCategoryName":"Computer Components","SupplierId":"100000021","SupplierName":"Florida Holiday Company","LastModified":"2016-04-22T11:13:10.0000000","Price":"23.00","DimensionHeight":"1","DimensionWidth":"0.3","DimensionDepth":"0.5","DimensionUnit":"cm","ImageUrl":"/sap/public/bc/NWDEMO_MODEL/IMAGES/HT-1138.jpg","QuantityUnit":"EA","MeasureUnit":"each","AverageRating":"3.67","RatingCount":"6","WeightMeasure":"0.02","WeightUnit":"kg"},{"CurrencyCode":"EUR","Id":"HT-1210","StockQuantity":"133","Name":"PC Power Station","Description":"PC Power Station with 3,4 Ghz quad-core, 32 GB DDR3 SDRAM, feels like a PC, Windows 8 Pro","SubCategoryId":"PCs","SubCategoryName":"PCs","MainCategoryId":"Computer Systems","MainCategoryName":"Computer Systems","SupplierId":"100000022","SupplierName":"Quimica Madrilenos","LastModified":"2016-04-22T11:13:10.0000000","Price":"2399.00","DimensionHeight":"43","DimensionWidth":"28","DimensionDepth":"31","DimensionUnit":"cm","ImageUrl":"/sap/public/bc/NWDEMO_MODEL/IMAGES/HT-1210.jpg","QuantityUnit":"EA","MeasureUnit":"each","AverageRating":"0.00","RatingCount":"0","WeightMeasure":"2.3","WeightUnit":"kg"},{"CurrencyCode":"EUR","Id":"HT-1500","StockQuantity":"140","Name":"Server Basic","Description":"Dual socket, quad-core processing server with 1333 MHz Front Side Bus with 10Gb connectivity","SubCategoryId":"Servers","SubCategoryName":"Servers","MainCategoryId":"Computer Systems","MainCategoryName":"Computer Systems","SupplierId":"100000023","SupplierName":"Getränkegroßhandel Janssen","LastModified":"2016-04-22T11:13:10.0000000","Price":"5000.00","DimensionHeight":"23","DimensionWidth":"34","DimensionDepth":"35","DimensionUnit":"cm","ImageUrl":"/sap/public/bc/NWDEMO_MODEL/IMAGES/HT-1500.jpg","QuantityUnit":"EA","MeasureUnit":"each","AverageRating":"2.78","RatingCount":"9","WeightMeasure":"18","WeightUnit":"kg"},{"CurrencyCode":"JPY","Id":"HT-1501","StockQuantity":"139","Name":"Server Professional","Description":"Dual socket, quad-core processing server with 1644 MHz Front Side Bus with 10Gb connectivity","SubCategoryId":"Servers","SubCategoryName":"Servers","MainCategoryId":"Computer Systems","MainCategoryName":"Computer Systems","SupplierId":"100000024","SupplierName":"JaTeCo","LastModified":"2016-04-22T11:13:10.0000000","Price":"1500000","DimensionHeight":"27","DimensionWidth":"29","DimensionDepth":"30","DimensionUnit":"cm","ImageUrl":"/sap/public/bc/NWDEMO_MODEL/IMAGES/HT-1501.jpg","QuantityUnit":"EA","MeasureUnit":"each","AverageRating":"4.00","RatingCount":"2","WeightMeasure":"25","WeightUnit":"kg"},{"CurrencyCode":"EUR","Id":"HT-1502","StockQuantity":"145","Name":"Server Power Pro","Description":"Dual socket, quad-core processing server with 1644 MHz Front Side Bus with 100Gb connectivity","SubCategoryId":"Servers","SubCategoryName":"Servers","MainCategoryId":"Computer Systems","MainCategoryName":"Computer Systems","SupplierId":"100000025","SupplierName":"Tessile Casa Di Roma","LastModified":"2016-04-22T11:13:10.0000000","Price":"25000.00","DimensionHeight":"37","DimensionWidth":"22","DimensionDepth":"27.3","DimensionUnit":"cm","ImageUrl":"/sap/public/bc/NWDEMO_MODEL/IMAGES/HT-1502.jpg","QuantityUnit":"EA","MeasureUnit":"each","AverageRating":"2.60","RatingCount":"5","WeightMeasure":"35","WeightUnit":"kg"},{"CurrencyCode":"EUR","Id":"HT-6130","StockQuantity":"139","Name":"Flat Watch HD32","Description":"32-inch, 1366x768 Pixel, 16:9, HDTV ready","SubCategoryId":"Flat Screen TVs","SubCategoryName":"Flat Screen TVs","MainCategoryId":"TV, Video & HiFi","MainCategoryName":"TV, Video & HiFi","SupplierId":"100000026","SupplierName":"Vente Et Réparation de Ordinateur","LastModified":"2016-04-22T11:13:10.0000000","Price":"1459.00","DimensionHeight":"55","DimensionWidth":"78","DimensionDepth":"22.1","DimensionUnit":"cm","ImageUrl":"/sap/public/bc/NWDEMO_MODEL/IMAGES/HT-6130.jpg","QuantityUnit":"EA","MeasureUnit":"each","AverageRating":"3.92","RatingCount":"12","WeightMeasure":"2.6","WeightUnit":"kg"},{"CurrencyCode":"ARS","Id":"HT-6131","StockQuantity":"149","Name":"Flat Watch HD37","Description":"37-inch, 1366x768 Pixel, 16:9, HDTV ready","SubCategoryId":"Flat Screen TVs","SubCategoryName":"Flat Screen TVs","MainCategoryId":"TV, Video & HiFi","MainCategoryName":"TV, Video & HiFi","SupplierId":"100000027","SupplierName":"Developement Para O Governo","LastModified":"2016-04-22T11:13:10.0000000","Price":"1199.00","DimensionHeight":"61","DimensionWidth":"99.1","DimensionDepth":"26","DimensionUnit":"cm","ImageUrl":"/sap/public/bc/NWDEMO_MODEL/IMAGES/HT-6131.jpg","QuantityUnit":"EA","MeasureUnit":"each","AverageRating":"0.00","RatingCount":"0","WeightMeasure":"2.2","WeightUnit":"kg"},{"CurrencyCode":"BRL","Id":"HT-6132","StockQuantity":"149","Name":"Flat Watch HD41","Description":"41-inch, 1366x768 Pixel, 16:9, HDTV ready","SubCategoryId":"Flat Screen TVs","SubCategoryName":"Flat Screen TVs","MainCategoryId":"TV, Video & HiFi","MainCategoryName":"TV, Video & HiFi","SupplierId":"100000028","SupplierName":"Brazil Technologies","LastModified":"2016-04-22T11:13:10.0000000","Price":"899.00","DimensionHeight":"79.1","DimensionWidth":"128","DimensionDepth":"23","DimensionUnit":"cm","ImageUrl":"/sap/public/bc/NWDEMO_MODEL/IMAGES/HT-6132.jpg","QuantityUnit":"EA","MeasureUnit":"each","AverageRating":"2.46","RatingCount":"13","WeightMeasure":"1.8","WeightUnit":"kg"},{"CurrencyCode":"CAD","Id":"HT-7030","StockQuantity":"138","Name":"Platinberry","Description":"Our new multifunctional Handheld with phone function in platinum","SubCategoryId":"PDAs & Organizers","SubCategoryName":"PDAs & Organizers","MainCategoryId":"Computer Components","MainCategoryName":"Computer Components","SupplierId":"100000029","SupplierName":"C.R.T.U.","LastModified":"2016-04-22T11:13:10.0000000","Price":"549.00","DimensionHeight":"12.1","DimensionWidth":"8.1","DimensionDepth":"13","DimensionUnit":"cm","ImageUrl":"/sap/public/bc/NWDEMO_MODEL/IMAGES/HT-7030.jpg","QuantityUnit":"EA","MeasureUnit":"each","AverageRating":"3.09","RatingCount":"11","WeightMeasure":"0.5","WeightUnit":"kg"},{"CurrencyCode":"CHF","Id":"HT-7020","StockQuantity":"147","Name":"Goldberry","Description":"Our new multifunctional Handheld with phone function in gold","SubCategoryId":"PDAs & Organizers","SubCategoryName":"PDAs & Organizers","MainCategoryId":"Computer Components","MainCategoryName":"Computer Components","SupplierId":"100000030","SupplierName":"Jologa","LastModified":"2016-04-22T11:13:10.0000000","Price":"549.00","DimensionHeight":"12.1","DimensionWidth":"8.1","DimensionDepth":"13","DimensionUnit":"cm","ImageUrl":"/sap/public/bc/NWDEMO_MODEL/IMAGES/HT-7020.jpg","QuantityUnit":"EA","MeasureUnit":"each","AverageRating":"3.00","RatingCount":"8","WeightMeasure":"0.5","WeightUnit":"kg"},{"CurrencyCode":"USD","Id":"HT-7010","StockQuantity":"145","Name":"Silverberry","Description":"Our new multifunctional Handheld with phone function in silver","SubCategoryId":"PDAs & Organizers","SubCategoryName":"PDAs & Organizers","MainCategoryId":"Computer Components","MainCategoryName":"Computer Components","SupplierId":"100000031","SupplierName":"Baleda","LastModified":"2016-04-22T11:13:10.0000000","Price":"549.00","DimensionHeight":"12.1","DimensionWidth":"8.1","DimensionDepth":"13","DimensionUnit":"cm","ImageUrl":"/sap/public/bc/NWDEMO_MODEL/IMAGES/HT-7010.jpg","QuantityUnit":"EA","MeasureUnit":"each","AverageRating":"3.22","RatingCount":"9","WeightMeasure":"0.5","WeightUnit":"kg"},{"CurrencyCode":"EUR","Id":"HT-7000","StockQuantity":"140","Name":"Copperberry","Description":"Our new multifunctional Handheld with phone function in copper","SubCategoryId":"PDAs & Organizers","SubCategoryName":"PDAs & Organizers","MainCategoryId":"Computer Components","MainCategoryName":"Computer Components","SupplierId":"100000032","SupplierName":"Angeré","LastModified":"2016-04-22T11:13:10.0000000","Price":"549.00","DimensionHeight":"12.1","DimensionWidth":"8.1","DimensionDepth":"13","DimensionUnit":"cm","ImageUrl":"/sap/public/bc/NWDEMO_MODEL/IMAGES/HT-7000.jpg","QuantityUnit":"EA","MeasureUnit":"each","AverageRating":"0.00","RatingCount":"0","WeightMeasure":"0.5","WeightUnit":"kg"},{"CurrencyCode":"USD","Id":"HT-1095","StockQuantity":"148","Name":"Lovely Sound 5.1 Wireless","Description":"5.1 Headset, 40 Hz-20 kHz, Wireless","SubCategoryId":"Headsets","SubCategoryName":"Headsets","MainCategoryId":"Computer Components","MainCategoryName":"Computer Components","SupplierId":"100000033","SupplierName":"PC Gym Tec","LastModified":"2016-04-22T11:13:10.0000000","Price":"49.00","DimensionHeight":"23","DimensionWidth":"24","DimensionDepth":"19","DimensionUnit":"cm","ImageUrl":"/sap/public/bc/NWDEMO_MODEL/IMAGES/HT-1095.jpg","QuantityUnit":"EA","MeasureUnit":"each","AverageRating":"2.88","RatingCount":"8","WeightMeasure":"80","WeightUnit":"g"},{"CurrencyCode":"JPY","Id":"HT-1096","StockQuantity":"140","Name":"Lovely Sound 5.1","Description":"5.1 Headset, 40 Hz-20 kHz, 3m cable","SubCategoryId":"Headsets","SubCategoryName":"Headsets","MainCategoryId":"Computer Components","MainCategoryName":"Computer Components","SupplierId":"100000034","SupplierName":"Japan Insurance Partner","LastModified":"2016-04-22T11:13:10.0000000","Price":"3900","DimensionHeight":"19","DimensionWidth":"25","DimensionDepth":"17","DimensionUnit":"cm","ImageUrl":"/sap/public/bc/NWDEMO_MODEL/IMAGES/HT-1096.jpg","QuantityUnit":"EA","MeasureUnit":"each","AverageRating":"1.00","RatingCount":"1","WeightMeasure":"130","WeightUnit":"g"},{"CurrencyCode":"ARS","Id":"HT-1097","StockQuantity":"122","Name":"Lovely Sound Stereo","Description":"5.1 Headset, 40 Hz-20 kHz, 1m cable","SubCategoryId":"Headsets","SubCategoryName":"Headsets","MainCategoryId":"Computer Components","MainCategoryName":"Computer Components","SupplierId":"100000035","SupplierName":"Entertainment Argentinia","LastModified":"2016-04-22T11:13:10.0000000","Price":"29.00","DimensionHeight":"19.7","DimensionWidth":"21.3","DimensionDepth":"2.4","DimensionUnit":"cm","ImageUrl":"/sap/public/bc/NWDEMO_MODEL/IMAGES/HT-1097.jpg","QuantityUnit":"EA","MeasureUnit":"each","AverageRating":"3.09","RatingCount":"11","WeightMeasure":"60","WeightUnit":"g"},{"CurrencyCode":"ZAR","Id":"HT-6123","StockQuantity":"139","Name":"Power Pro Player 80","Description":"MP3-Player with 80 GB SSD and Color Display, can play movies","SubCategoryId":"MP3 Players","SubCategoryName":"MP3 Players","MainCategoryId":"TV, Video & HiFi","MainCategoryName":"TV, Video & HiFi","SupplierId":"100000036","SupplierName":"African Gold And Diamond Corporation","LastModified":"2016-04-22T11:13:10.0000000","Price":"299.00","DimensionHeight":"0.8","DimensionWidth":"4","DimensionDepth":"6","DimensionUnit":"cm","ImageUrl":"/sap/public/bc/NWDEMO_MODEL/IMAGES/HT-6123.jpg","QuantityUnit":"EA","MeasureUnit":"each","AverageRating":"3.00","RatingCount":"6","WeightMeasure":"267","WeightUnit":"g"},{"CurrencyCode":"USD","Id":"HT-6122","StockQuantity":"145","Name":"Power Pro Player 40","Description":"MP3-Player with 40 GB HDD and Color Display, can play movies","SubCategoryId":"MP3 Players","SubCategoryName":"MP3 Players","MainCategoryId":"TV, Video & HiFi","MainCategoryName":"TV, Video & HiFi","SupplierId":"100000037","SupplierName":"PicoBit","LastModified":"2016-04-22T11:13:10.0000000","Price":"167.00","DimensionHeight":"9.2","DimensionWidth":"5.1","DimensionDepth":"8","DimensionUnit":"cm","ImageUrl":"/sap/public/bc/NWDEMO_MODEL/IMAGES/HT-6122.jpg","QuantityUnit":"EA","MeasureUnit":"each","AverageRating":"2.92","RatingCount":"12","WeightMeasure":"266","WeightUnit":"g"},{"CurrencyCode":"EUR","Id":"HT-6121","StockQuantity":"147","Name":"ITelo Jog-Mate","Description":"ITelo Jog-Mate 64 GB HDD and Color Display, can play movies","SubCategoryId":"MP3 Players","SubCategoryName":"MP3 Players","MainCategoryId":"TV, Video & HiFi","MainCategoryName":"TV, Video & HiFi","SupplierId":"100000038","SupplierName":"Bionic Research Lab","LastModified":"2016-04-22T11:13:10.0000000","Price":"63.00","DimensionHeight":"9.2","DimensionWidth":"5.1","DimensionDepth":"8","DimensionUnit":"cm","ImageUrl":"/sap/public/bc/NWDEMO_MODEL/IMAGES/HT-6121.jpg","QuantityUnit":"EA","MeasureUnit":"each","AverageRating":"3.21","RatingCount":"14","WeightMeasure":"134","WeightUnit":"g"},{"CurrencyCode":"INR","Id":"HT-6120","StockQuantity":"147","Name":"ITelo MusicStick","Description":"64 GB USB Music-on-a-Stick","SubCategoryId":"MP3 Players","SubCategoryName":"MP3 Players","MainCategoryId":"TV, Video & HiFi","MainCategoryName":"TV, Video & HiFi","SupplierId":"100000039","SupplierName":"Indian IT Trading Company","LastModified":"2016-04-22T11:13:10.0000000","Price":"45.00","DimensionHeight":"1","DimensionWidth":"1.5","DimensionDepth":"6","DimensionUnit":"cm","ImageUrl":"/sap/public/bc/NWDEMO_MODEL/IMAGES/HT-6120.jpg","QuantityUnit":"EA","MeasureUnit":"each","AverageRating":"2.75","RatingCount":"4","WeightMeasure":"134","WeightUnit":"g"},{"CurrencyCode":"PLN","Id":"HT-6111","StockQuantity":"140","Name":"Record Movie","Description":"160 GB HDD, CD-RW, DVD+R/RW, DVD-R/RW, MPEG 2 (Video-DVD), MPEG 4, VCD, SVCD, DivX, Xvid","SubCategoryId":"Portable Players","SubCategoryName":"Portable Players","MainCategoryId":"TV, Video & HiFi","MainCategoryName":"TV, Video & HiFi","SupplierId":"100000040","SupplierName":"Chemia A Technicznie Fabryka","LastModified":"2016-04-22T11:13:10.0000000","Price":"288.00","DimensionHeight":"6.2","DimensionWidth":"38","DimensionDepth":"26","DimensionUnit":"cm","ImageUrl":"/sap/public/bc/NWDEMO_MODEL/IMAGES/HT-6111.jpg","QuantityUnit":"EA","MeasureUnit":"each","AverageRating":"3.00","RatingCount":"4","WeightMeasure":"3.1","WeightUnit":"kg"},{"CurrencyCode":"ARS","Id":"HT-6110","StockQuantity":"138","Name":"Play Movie","Description":"CD-RW, DVD+R/RW, DVD-R/RW, MPEG 2 (Video-DVD), MPEG 4, VCD, SVCD, DivX, Xvid","SubCategoryId":"Portable Players","SubCategoryName":"Portable Players","MainCategoryId":"TV, Video & HiFi","MainCategoryName":"TV, Video & HiFi","SupplierId":"100000041","SupplierName":"South American IT Company","LastModified":"2016-04-22T11:13:10.0000000","Price":"130.00","DimensionHeight":"6","DimensionWidth":"37","DimensionDepth":"24","DimensionUnit":"cm","ImageUrl":"/sap/public/bc/NWDEMO_MODEL/IMAGES/HT-6110.jpg","QuantityUnit":"EA","MeasureUnit":"each","AverageRating":"3.22","RatingCount":"9","WeightMeasure":"2.4","WeightUnit":"kg"},{"CurrencyCode":"CNY","Id":"HT-6102","StockQuantity":"134","Name":"Beam Breaker B-3","Description":"1080p, DLP max. 12,3 Meter, 3D-ready","SubCategoryId":"Projectors","SubCategoryName":"Projectors","MainCategoryId":"TV, Video & HiFi","MainCategoryName":"TV, Video & HiFi","SupplierId":"100000042","SupplierName":"Siwusha","LastModified":"2016-04-22T11:13:10.0000000","Price":"889.00","DimensionHeight":"23","DimensionWidth":"30.4","DimensionDepth":"23.1","DimensionUnit":"cm","ImageUrl":"/sap/public/bc/NWDEMO_MODEL/IMAGES/HT-6102.jpg","QuantityUnit":"EA","MeasureUnit":"each","AverageRating":"2.71","RatingCount":"7","WeightMeasure":"2.5","WeightUnit":"kg"},{"CurrencyCode":"DKK","Id":"HT-6101","StockQuantity":"149","Name":"Beam Breaker B-2","Description":"1080p, DLP max.9,34 Meter, 2D-ready","SubCategoryId":"Projectors","SubCategoryName":"Projectors","MainCategoryId":"TV, Video & HiFi","MainCategoryName":"TV, Video & HiFi","SupplierId":"100000043","SupplierName":"Danish Fish Trading Company","LastModified":"2016-04-22T11:13:10.0000000","Price":"679.00","DimensionHeight":"23","DimensionWidth":"30.4","DimensionDepth":"23.1","DimensionUnit":"cm","ImageUrl":"/sap/public/bc/NWDEMO_MODEL/IMAGES/HT-6101.jpg","QuantityUnit":"EA","MeasureUnit":"each","AverageRating":"3.38","RatingCount":"13","WeightMeasure":"2","WeightUnit":"kg"},{"CurrencyCode":"EUR","Id":"HT-2002","StockQuantity":"135","Name":"Portable DVD Player with 9\" LCD Monitor","Description":"9\" LCD Screen, storage holds up to 8 hours, 2 speakers included","SubCategoryId":"Portable Players","SubCategoryName":"Portable Players","MainCategoryId":"TV, Video & HiFi","MainCategoryName":"TV, Video & HiFi","SupplierId":"100000044","SupplierName":"Sorali","LastModified":"2016-04-22T11:13:10.0000000","Price":"853.99","DimensionHeight":"14","DimensionWidth":"21","DimensionDepth":"16.5","DimensionUnit":"cm","ImageUrl":"/sap/public/bc/NWDEMO_MODEL/IMAGES/HT-2002.jpg","QuantityUnit":"EA","MeasureUnit":"each","AverageRating":"2.33","RatingCount":"6","WeightMeasure":"0.72","WeightUnit":"kg"},{"CurrencyCode":"EUR","Id":"HT-6100","StockQuantity":"150","Name":"Beam Breaker B-1","Description":"720p, DLP Projector max. 8,45 Meter, 2D","SubCategoryId":"Projectors","SubCategoryName":"Projectors","MainCategoryId":"TV, Video & HiFi","MainCategoryName":"TV, Video & HiFi","SupplierId":"100000000","SupplierName":"SAP","LastModified":"2016-04-22T11:13:10.0000000","Price":"469.00","DimensionHeight":"23","DimensionWidth":"30.4","DimensionDepth":"23.1","DimensionUnit":"cm","ImageUrl":"/sap/public/bc/NWDEMO_MODEL/IMAGES/HT-6100.jpg","QuantityUnit":"EA","MeasureUnit":"each","AverageRating":"5.00","RatingCount":"1","WeightMeasure":"1.7","WeightUnit":"kg"},{"CurrencyCode":"EUR","Id":"HT-2027","StockQuantity":"147","Name":"Removable CD/DVD Laser Labels","Description":"Removable jewel case labels, zero residues (100)","SubCategoryId":"Computer System Accessories","SubCategoryName":"Computer System Accessories","MainCategoryId":"Computer Systems","MainCategoryName":"Computer Systems","SupplierId":"100000001","SupplierName":"Becker Berlin","LastModified":"2016-04-22T11:13:10.0000000","Price":"8.99","DimensionHeight":"2","DimensionWidth":"5.5","DimensionDepth":"2","DimensionUnit":"cm","ImageUrl":"/sap/public/bc/NWDEMO_MODEL/IMAGES/HT-2027.jpg","QuantityUnit":"EA","MeasureUnit":"each","AverageRating":"3.75","RatingCount":"4","WeightMeasure":"0.15","WeightUnit":"kg"},{"CurrencyCode":"USD","Id":"HT-2026","StockQuantity":"150","Name":"Audio/Video Cable Kit - 4m","Description":"Quality cables for notebooks and projectors","SubCategoryId":"Computer System Accessories","SubCategoryName":"Computer System Accessories","MainCategoryId":"Computer Systems","MainCategoryName":"Computer Systems","SupplierId":"100000002","SupplierName":"DelBont Industries","LastModified":"2016-04-22T11:13:10.0000000","Price":"29.99","DimensionHeight":"13","DimensionWidth":"21","DimensionDepth":"10.2","DimensionUnit":"cm","ImageUrl":"/sap/public/bc/NWDEMO_MODEL/IMAGES/HT-2026.jpg","QuantityUnit":"EA","MeasureUnit":"each","AverageRating":"2.00","RatingCount":"1","WeightMeasure":"0.2","WeightUnit":"kg"},{"CurrencyCode":"EUR","Id":"HT-2025","StockQuantity":"136","Name":"CD/DVD case: 264 sleeves","Description":"Organizer and protective case for 264 CDs and DVDs","SubCategoryId":"Computer System Accessories","SubCategoryName":"Computer System Accessories","MainCategoryId":"Computer Systems","MainCategoryName":"Computer Systems","SupplierId":"100000003","SupplierName":"Talpa","LastModified":"2016-04-22T11:13:10.0000000","Price":"44.99","DimensionHeight":"20","DimensionWidth":"13","DimensionDepth":"13","DimensionUnit":"cm","ImageUrl":"/sap/public/bc/NWDEMO_MODEL/IMAGES/HT-2025.jpg","QuantityUnit":"EA","MeasureUnit":"each","AverageRating":"3.20","RatingCount":"10","WeightMeasure":"0.65","WeightUnit":"kg"},{"CurrencyCode":"USD","Id":"HT-2001","StockQuantity":"128","Name":"10\" Portable DVD player","Description":"10\" LCD Screen, storage battery holds up to 8 hours","SubCategoryId":"Portable Players","SubCategoryName":"Portable Players","MainCategoryId":"TV, Video & HiFi","MainCategoryName":"TV, Video & HiFi","SupplierId":"100000004","SupplierName":"Panorama Studios","LastModified":"2016-04-22T11:13:10.0000000","Price":"449.99","DimensionHeight":"29","DimensionWidth":"24","DimensionDepth":"19.5","DimensionUnit":"cm","ImageUrl":"/sap/public/bc/NWDEMO_MODEL/IMAGES/HT-2001.jpg","QuantityUnit":"EA","MeasureUnit":"each","AverageRating":"2.00","RatingCount":"1","WeightMeasure":"0.84","WeightUnit":"kg"},{"CurrencyCode":"EUR","Id":"HT-2000","StockQuantity":"134","Name":"7\" Widescreen Portable DVD Player w MP3","Description":"7\" LCD Screen, storage battery holds up to 6 hours!","SubCategoryId":"Portable Players","SubCategoryName":"Portable Players","MainCategoryId":"TV, Video & HiFi","MainCategoryName":"TV, Video & HiFi","SupplierId":"100000005","SupplierName":"TECUM","LastModified":"2016-04-22T11:13:10.0000000","Price":"249.99","DimensionHeight":"27.6","DimensionWidth":"21.4","DimensionDepth":"19","DimensionUnit":"cm","ImageUrl":"/sap/public/bc/NWDEMO_MODEL/IMAGES/HT-2000.jpg","QuantityUnit":"EA","MeasureUnit":"each","AverageRating":"3.00","RatingCount":"3","WeightMeasure":"0.79","WeightUnit":"kg"},{"CurrencyCode":"JPY","Id":"HT-1603","StockQuantity":"146","Name":"Gaming Monster Pro","Description":"3,4 Ghz quad core, 16 GB DDR3 SDRAM, 4000 GB Hard Disc, Graphic Card: Hurricane GX, Windows 8","SubCategoryId":"PCs","SubCategoryName":"PCs","MainCategoryId":"Computer Systems","MainCategoryName":"Computer Systems","SupplierId":"100000006","SupplierName":"Asia High tech","LastModified":"2016-04-22T11:13:10.0000000","Price":"170000","DimensionHeight":"42","DimensionWidth":"27","DimensionDepth":"28","DimensionUnit":"cm","ImageUrl":"/sap/public/bc/NWDEMO_MODEL/IMAGES/HT-1603.jpg","QuantityUnit":"EA","MeasureUnit":"each","AverageRating":"3.60","RatingCount":"15","WeightMeasure":"6.8","WeightUnit":"kg"},{"CurrencyCode":"EUR","Id":"HT-1602","StockQuantity":"118","Name":"Gaming Monster","Description":"3,4 Ghz quad core, 8 GB DDR3 SDRAM, 2000 GB Hard Disc, Graphic Card: Gladiator MX, Windows 8","SubCategoryId":"PCs","SubCategoryName":"PCs","MainCategoryId":"Computer Systems","MainCategoryName":"Computer Systems","SupplierId":"100000007","SupplierName":"Laurent","LastModified":"2016-04-22T11:13:10.0000000","Price":"1200.00","DimensionHeight":"47","DimensionWidth":"26.5","DimensionDepth":"34","DimensionUnit":"cm","ImageUrl":"/sap/public/bc/NWDEMO_MODEL/IMAGES/HT-1602.jpg","QuantityUnit":"EA","MeasureUnit":"each","AverageRating":"3.56","RatingCount":"9","WeightMeasure":"5.9","WeightUnit":"kg"},{"CurrencyCode":"MXN","Id":"HT-1601","StockQuantity":"150","Name":"Family PC Pro","Description":"2,8 Ghz dual core, 4 GB DDR3 SDRAM, 1000 GB Hard Disc, Graphic Card: Gladiator MX, Windows 8","SubCategoryId":"PCs","SubCategoryName":"PCs","MainCategoryId":"Computer Systems","MainCategoryName":"Computer Systems","SupplierId":"100000008","SupplierName":"AVANTEL","LastModified":"2016-04-22T11:13:10.0000000","Price":"900.00","DimensionHeight":"40.2","DimensionWidth":"25","DimensionDepth":"31.7","DimensionUnit":"cm","ImageUrl":"/sap/public/bc/NWDEMO_MODEL/IMAGES/HT-1601.jpg","QuantityUnit":"EA","MeasureUnit":"each","AverageRating":"3.21","RatingCount":"14","WeightMeasure":"5.3","WeightUnit":"kg"},{"CurrencyCode":"ARS","Id":"HT-1600","StockQuantity":"136","Name":"Family PC Basic","Description":"2,8 Ghz dual core, 4 GB DDR3 SDRAM, 500 GB Hard Disc, Graphic Card: Proctra X, Windows 8","SubCategoryId":"PCs","SubCategoryName":"PCs","MainCategoryId":"Computer Systems","MainCategoryName":"Computer Systems","SupplierId":"100000009","SupplierName":"Telecomunicaciones Star","LastModified":"2016-04-22T11:13:10.0000000","Price":"600.00","DimensionHeight":"38","DimensionWidth":"21.4","DimensionDepth":"29","DimensionUnit":"cm","ImageUrl":"/sap/public/bc/NWDEMO_MODEL/IMAGES/HT-1600.jpg","QuantityUnit":"EA","MeasureUnit":"each","AverageRating":"2.60","RatingCount":"10","WeightMeasure":"4.8","WeightUnit":"kg"},{"CurrencyCode":"USD","Id":"HT-1119","StockQuantity":"149","Name":"Travel Adapter","Description":"Universal Travel Adapter","SubCategoryId":"Computer System Accessories","SubCategoryName":"Computer System Accessories","MainCategoryId":"Computer Systems","MainCategoryName":"Computer Systems","SupplierId":"100000010","SupplierName":"Pear Computing Services","LastModified":"2016-04-22T11:13:10.0000000","Price":"79.00","DimensionHeight":"3.9","DimensionWidth":"2","DimensionDepth":"3.1","DimensionUnit":"cm","ImageUrl":"/sap/public/bc/NWDEMO_MODEL/IMAGES/HT-1119.jpg","QuantityUnit":"EA","MeasureUnit":"each","AverageRating":"2.75","RatingCount":"4","WeightMeasure":"88","WeightUnit":"g"},{"CurrencyCode":"EUR","Id":"HT-8000","StockQuantity":"138","Name":"ITelO FlexTop I4000","Description":"Notebook with 2,80 GHz dual core, 4 GB DDR3 SDRAM, 500 GB Hard Disc, Windows 8","SubCategoryId":"Notebooks","SubCategoryName":"Notebooks","MainCategoryId":"Computer Systems","MainCategoryName":"Computer Systems","SupplierId":"100000011","SupplierName":"Alpine Systems","LastModified":"2016-04-22T11:13:10.0000000","Price":"799.00","DimensionHeight":"3.1","DimensionWidth":"31","DimensionDepth":"19","DimensionUnit":"cm","ImageUrl":"/sap/public/bc/NWDEMO_MODEL/IMAGES/HT-8000.jpg","QuantityUnit":"EA","MeasureUnit":"each","AverageRating":"2.63","RatingCount":"8","WeightMeasure":"4","WeightUnit":"kg"},{"CurrencyCode":"GBP","Id":"HT-8001","StockQuantity":"138","Name":"ITelO FlexTop I6300c","Description":"Notebook with 2,80 GHz dual core, 8 GB DDR3 SDRAM, 500 GB Hard Disc, Windows 8","SubCategoryId":"Notebooks","SubCategoryName":"Notebooks","MainCategoryId":"Computer Systems","MainCategoryName":"Computer Systems","SupplierId":"100000012","SupplierName":"New Line Design","LastModified":"2016-04-22T11:13:10.0000000","Price":"999.00","DimensionHeight":"3.4","DimensionWidth":"32","DimensionDepth":"20","DimensionUnit":"cm","ImageUrl":"/sap/public/bc/NWDEMO_MODEL/IMAGES/HT-8001.jpg","QuantityUnit":"EA","MeasureUnit":"each","AverageRating":"1.67","RatingCount":"3","WeightMeasure":"4.2","WeightUnit":"kg"},{"CurrencyCode":"EUR","Id":"HT-8002","StockQuantity":"150","Name":"ITelO FlexTop I9100","Description":"Notebook with 2,80 GHz quad core, 4 GB DDR3 SDRAM, 1000 GB Hard Disc, Windows 8","SubCategoryId":"Notebooks","SubCategoryName":"Notebooks","MainCategoryId":"Computer Systems","MainCategoryName":"Computer Systems","SupplierId":"100000013","SupplierName":"HEPA Tec","LastModified":"2016-04-22T11:13:10.0000000","Price":"1199.00","DimensionHeight":"4.1","DimensionWidth":"38","DimensionDepth":"21","DimensionUnit":"cm","ImageUrl":"/sap/public/bc/NWDEMO_MODEL/IMAGES/HT-8002.jpg","QuantityUnit":"EA","MeasureUnit":"each","AverageRating":"2.64","RatingCount":"11","WeightMeasure":"3.5","WeightUnit":"kg"},{"CurrencyCode":"USD","Id":"HT-8003","StockQuantity":"148","Name":"ITelO FlexTop I9800","Description":"Notebook with 2,80 GHz quad core, 8 GB DDR3 SDRAM, 1000 GB Hard Disc, Windows 8","SubCategoryId":"Notebooks","SubCategoryName":"Notebooks","MainCategoryId":"Computer Systems","MainCategoryName":"Computer Systems","SupplierId":"100000014","SupplierName":"Anav Ideon","LastModified":"2016-04-22T11:13:10.0000000","Price":"1388.00","DimensionHeight":"4.5","DimensionWidth":"48","DimensionDepth":"31","DimensionUnit":"cm","ImageUrl":"/sap/public/bc/NWDEMO_MODEL/IMAGES/HT-8003.jpg","QuantityUnit":"EA","MeasureUnit":"each","AverageRating":"3.67","RatingCount":"12","WeightMeasure":"3.8","WeightUnit":"kg"},{"CurrencyCode":"CAD","Id":"PF-1000","StockQuantity":"150","Name":"Flyer","Description":"Flyer for our product palette","SubCategoryId":"Computer System Accessories","SubCategoryName":"Computer System Accessories","MainCategoryId":"Computer Systems","MainCategoryName":"Computer Systems","SupplierId":"100000015","SupplierName":"Robert Brown Entertainment","LastModified":"2016-04-22T11:13:10.0000000","Price":"0.00","DimensionHeight":"3","DimensionWidth":"46","DimensionDepth":"30","DimensionUnit":"cm","ImageUrl":"/sap/public/bc/NWDEMO_MODEL/IMAGES/PF-1000.jpg","QuantityUnit":"EA","MeasureUnit":"each","AverageRating":"2.70","RatingCount":"10","WeightMeasure":"0.01","WeightUnit":"kg"},{"CurrencyCode":"MXN","Id":"HT-9999","StockQuantity":"142","Name":"Maxi Tablet","Description":"10.1-inch Multitouch HD Screen (1280 x 800), 16GB Internal Memory, Wireless N Wi-Fi; Bluetooth, GPS Enabled, 1GHz Dual-Core Processor","SubCategoryId":"Tablets","SubCategoryName":"Tablets","MainCategoryId":"Smartphones & Tablets","MainCategoryName":"Smartphones & Tablets","SupplierId":"100000016","SupplierName":"Mexican Oil Trading Company","LastModified":"2016-04-22T11:13:10.0000000","Price":"749.00","DimensionHeight":"4.5","DimensionWidth":"48","DimensionDepth":"31","DimensionUnit":"cm","ImageUrl":"/sap/public/bc/NWDEMO_MODEL/IMAGES/HT-9999.jpg","QuantityUnit":"EA","MeasureUnit":"each","AverageRating":"2.50","RatingCount":"8","WeightMeasure":"3.8","WeightUnit":"kg"},{"CurrencyCode":"EUR","Id":"HT-9998","StockQuantity":"147","Name":"Smartphone Beta","Description":"5 Megapixel Camera, Wi-Fi 802.11 b/g/n, Bluetooth, GPS A-GPS support","SubCategoryId":"Smartphones","SubCategoryName":"Smartphones","MainCategoryId":"Smartphones & Tablets","MainCategoryName":"Smartphones & Tablets","SupplierId":"100000017","SupplierName":"Meliva","LastModified":"2016-04-22T11:13:10.0000000","Price":"699.00","DimensionHeight":"4.5","DimensionWidth":"48","DimensionDepth":"31","DimensionUnit":"cm","ImageUrl":"/sap/public/bc/NWDEMO_MODEL/IMAGES/HT-9998.jpg","QuantityUnit":"EA","MeasureUnit":"each","AverageRating":"3.00","RatingCount":"2","WeightMeasure":"0.75","WeightUnit":"kg"},{"CurrencyCode":"ARS","Id":"HT-9997","StockQuantity":"142","Name":"e-Book Reader ReadMe","Description":"6-Inch E Ink Screen, Access To e-book Store, Adjustable Font Styles and Sizes, Stores Up To 1,000 Books","SubCategoryId":"Tablets","SubCategoryName":"Tablets","MainCategoryId":"Smartphones & Tablets","MainCategoryName":"Smartphones & Tablets","SupplierId":"100000018","SupplierName":"Compostela","LastModified":"2016-04-22T11:13:10.0000000","Price":"633.00","DimensionHeight":"4.5","DimensionWidth":"48","DimensionDepth":"31","DimensionUnit":"cm","ImageUrl":"/sap/public/bc/NWDEMO_MODEL/IMAGES/HT-9997.jpg","QuantityUnit":"EA","MeasureUnit":"each","AverageRating":"3.67","RatingCount":"3","WeightMeasure":"3.8","WeightUnit":"kg"},{"CurrencyCode":"EUR","Id":"HT-9996","StockQuantity":"146","Name":"Tablet Pouch","Description":"Stylish tablet pouch, protects from scratches, color: black","SubCategoryId":"Accessories","SubCategoryName":"Accessories","MainCategoryId":"Smartphones & Tablets","MainCategoryName":"Smartphones & Tablets","SupplierId":"100000019","SupplierName":"Pateu","LastModified":"2016-04-22T11:13:10.0000000","Price":"20.00","DimensionHeight":"4.5","DimensionWidth":"25","DimensionDepth":"40","DimensionUnit":"cm","ImageUrl":"/sap/public/bc/NWDEMO_MODEL/IMAGES/HT-9996.jpg","QuantityUnit":"EA","MeasureUnit":"each","AverageRating":"2.71","RatingCount":"7","WeightMeasure":"0.03","WeightUnit":"kg"},{"CurrencyCode":"RUB","Id":"HT-9995","StockQuantity":"143","Name":"Smartphone Cover","Description":"Durable high quality plastic bump-sleeve, lightweight, protects from scratches, rubber coating, multiple colors available, Accurate design and cut-outs for your device, snap-on design","SubCategoryId":"Accessories","SubCategoryName":"Accessories","MainCategoryId":"Smartphones & Tablets","MainCategoryName":"Smartphones & Tablets","SupplierId":"100000020","SupplierName":"Russian Electronic Trading Company","LastModified":"2016-04-22T11:13:10.0000000","Price":"15.00","DimensionHeight":"4.5","DimensionWidth":"48","DimensionDepth":"31","DimensionUnit":"cm","ImageUrl":"/sap/public/bc/NWDEMO_MODEL/IMAGES/HT-9995.jpg","QuantityUnit":"EA","MeasureUnit":"each","AverageRating":"2.92","RatingCount":"13","WeightMeasure":"0.02","WeightUnit":"kg"},{"CurrencyCode":"USD","Id":"HT-9994","StockQuantity":"150","Name":"Camcorder View","Description":"1920x1080 Full HD, image stabilization reduces blur, 27x Optical / 32x Extended Zoom, wide angle Lens, 2.7\" wide LCD display","SubCategoryId":"Camcorders","SubCategoryName":"Camcorders","MainCategoryId":"TV, Video & HiFi","MainCategoryName":"TV, Video & HiFi","SupplierId":"100000021","SupplierName":"Florida Holiday Company","LastModified":"2016-04-22T11:13:10.0000000","Price":"1388.00","DimensionHeight":"27","DimensionWidth":"48","DimensionDepth":"31","DimensionUnit":"cm","ImageUrl":"/sap/public/bc/NWDEMO_MODEL/IMAGES/HT-9994.jpg","QuantityUnit":"EA","MeasureUnit":"each","AverageRating":"3.50","RatingCount":"2","WeightMeasure":"3.8","WeightUnit":"kg"},{"CurrencyCode":"EUR","Id":"HT-9993","StockQuantity":"143","Name":"Mini Tablet","Description":"7 inch 1280x800 HD display (216 ppi), Quad-core processor, 16 GB internal storage, 4325 mAh battery (Up to 8 hours of active use)","SubCategoryId":"Tablets","SubCategoryName":"Tablets","MainCategoryId":"Smartphones & Tablets","MainCategoryName":"Smartphones & Tablets","SupplierId":"100000022","SupplierName":"Quimica Madrilenos","LastModified":"2016-04-22T11:13:10.0000000","Price":"833.00","DimensionHeight":"4.5","DimensionWidth":"48","DimensionDepth":"31","DimensionUnit":"cm","ImageUrl":"/sap/public/bc/NWDEMO_MODEL/IMAGES/HT-9993.jpg","QuantityUnit":"EA","MeasureUnit":"each","AverageRating":"3.00","RatingCount":"3","WeightMeasure":"3.8","WeightUnit":"kg"},{"CurrencyCode":"EUR","Id":"HT-9992","StockQuantity":"132","Name":"Smartphone Alpha","Description":"7 inch 1280x800 HD display (216 ppi), Quad-core processor, 16 GB internal storage (actual formatted capacity will be less), 4325 mAh battery (Up to 8 hours of active use), white or black","SubCategoryId":"Smartphones","SubCategoryName":"Smartphones","MainCategoryId":"Smartphones & Tablets","MainCategoryName":"Smartphones & Tablets","SupplierId":"100000023","SupplierName":"Getränkegroßhandel Janssen","LastModified":"2016-04-22T11:13:10.0000000","Price":"599.00","DimensionHeight":"4.5","DimensionWidth":"48","DimensionDepth":"31","DimensionUnit":"cm","ImageUrl":"/sap/public/bc/NWDEMO_MODEL/IMAGES/HT-9992.jpg","QuantityUnit":"EA","MeasureUnit":"each","AverageRating":"2.00","RatingCount":"11","WeightMeasure":"0.75","WeightUnit":"kg"},{"CurrencyCode":"JPY","Id":"HT-9991","StockQuantity":"150","Name":"Smartphone Leather Case","Description":"Button Clasp, Quality Material, 100% Leather, compatible with many smartphone models","SubCategoryId":"Accessories","SubCategoryName":"Accessories","MainCategoryId":"Smartphones & Tablets","MainCategoryName":"Smartphones & Tablets","SupplierId":"100000024","SupplierName":"JaTeCo","LastModified":"2016-04-22T11:13:10.0000000","Price":"2500","DimensionHeight":"4.5","DimensionWidth":"48","DimensionDepth":"31","DimensionUnit":"cm","ImageUrl":"/sap/public/bc/NWDEMO_MODEL/IMAGES/HT-9991.jpg","QuantityUnit":"EA","MeasureUnit":"each","AverageRating":"2.83","RatingCount":"6","WeightMeasure":"0.02","WeightUnit":"kg"}]